Incident_Number,Area_Occ,Rpt_Dist,Address,X Coord,Y Coord,Create Date,Create Time,Dispatch Date,Dispatch Time,Arrival Date,Arrival Time,Call Type Code,Call Type Text,PRIORITY,PRIMARY UNIT,Modifying Circ,Dispo Code,Dispo Text
80101000001,Wilshire,757,836 FEDORA ST,6471544,1843280,1/1/2008,0:00:18,1/1/2008,0:00:56,1/1/2008,0:03:53,246H,HEARD ONLY,0,7A88,,GOASN,GONE ON ARRIVAL SUPV NO
80101000002,77th Street,1251,W 67TH ST&11TH AV,6461800,1814597,1/1/2008,0:00:37,1/1/2008,0:08:32,1/1/2008,0:26:37,246H,HEARD ONLY,0,12A3,,GOASN,GONE ON ARRIVAL SUPV NO
80101000004,Hollenbeck,422,2216 DALY ST,6496421,1848273,1/1/2008,0:00:48,1/1/2008,0:15:34,1/1/2008,0:21:09,246H,HEARD ONLY,0,4Z2,,GOASN,GONE ON ARRIVAL SUPV NO
80101000005,N Hollywood,1552,8125 LAURELGROVE AV,6440457,1902239,1/1/2008,0:00:50,1/1/2008,0:06:44,1/1/2008,0:14:30,507P,PARTY,0,15A38,,OCCSN,OFCR COMPLETED CALL SUPV NO
80101000006,Southwest,337,W 30TH ST&S NORMANDIE AV,6470695,1832466,1/1/2008,0:00:58,1/1/2008,0:35:19,1/1/2008,0:36:56,246H,HEARD ONLY,0,3A15,,OCCSN,OFCR COMPLETED CALL SUPV NO
80101000007,Southeast,1834,814 E 106TH ST,6482656,1800678,1/1/2008,0:01:03,1/1/2008,0:08:36,1/1/2008,0:20:28,246H,HEARD ONLY,0,18A49,,OCCSN,OFCR COMPLETED CALL SUPV NO
80101000008,Hollenbeck,469,3435 LANFRANCO ST,6501732,1833866,1/1/2008,0:01:03,1/1/2008,1:04:21,1/1/2008,1:09:10,507F,FIREWORKS,0,4A97,,OCCSN,OFCR COMPLETED CALL SUPV NO
80101000009,Southwest,363,4051 MUIRFIELD RD,6456566,1826999,1/1/2008,0:01:04,1/1/2008,0:13:14,,,246H,HEARD ONLY,0,3G51,,CMP,COMPLETED
80101000010,Southeast,1846,1224 E 114TH ST,6484808,1797338,1/1/2008,0:01:24,1/1/2008,0:03:22,1/1/2008,0:55:51,246H,HEARD ONLY,0,18X48,,GOASN,GONE ON ARRIVAL SUPV NO
80101000011,Newton,1347,1706 E 41ST PL,6488061,1824994,1/1/2008,0:01:43,1/1/2008,0:02:22,1/1/2008,1:13:00,246H,HEARD ONLY,0,13A43,,OCCSN,OFCR COMPLETED CALL SUPV NO
80101000012,77th Street,1269,635 E 84TH ST,6481505,1808993,1/1/2008,0:01:44,1/1/2008,0:18:41,1/1/2008,1:24:28,246H,HEARD ONLY,0,12X14,,OCCSN,OFCR COMPLETED CALL SUPV NO
80101000013,Hollywood,677,5325 LA CRESTA CT,6467886,1853686,1/1/2008,0:01:46,1/1/2008,0:03:03,1/1/2008,0:25:15,507F,FIREWORKS,0,6A77,,GOASN,GONE ON ARRIVAL SUPV NO
80101000014,Mission,1995,15302 RAYEN ST,6420930,1907079,1/1/2008,0:01:47,1/1/2008,0:02:49,1/1/2008,0:03:20,415F,FIGHT,2,19A95,,OCCSN,OFCR COMPLETED CALL SUPV NO
80101000015,Newton,1341,226 W 37TH PL,6477778,1828016,1/1/2008,0:01:58,1/1/2008,0:03:32,1/1/2008,0:14:42,246H,HEARD ONLY,0,13X62,,GOASN,GONE ON ARRIVAL SUPV NO
80101000016,West Valley,1068,5645 LINDLEY AV,6402158,1885984,1/1/2008,0:01:56,1/1/2008,0:13:53,1/1/2008,1:48:26,246H,HEARD ONLY,0,10A33,,OCCSN,OFCR COMPLETED CALL SUPV NO
80101000017,Southeast,1806,8914 AVALON BL,6481283,1806276,1/1/2008,0:02:04,1/1/2008,0:02:40,1/1/2008,0:07:42,246H,HEARD ONLY,0,18A3,,GOASN,GONE ON ARRIVAL SUPV NO
80101000018,West Valley,1025,20326 COHASSET ST,6387572,1898237,1/1/2008,0:02:15,1/1/2008,0:14:45,1/1/2008,1:26:13,246H,HEARD ONLY,0,10A51,,OCCSN,OFCR COMPLETED CALL SUPV NO
80101000019,Van Nuys,917,14600 SATICOY ST,6425489,1898533,1/1/2008,0:01:08,1/1/2008,0:11:33,1/1/2008,0:29:46,242AJ,AMB J/O,2,9A58,,RPTSN,
80101000021,Northeast,1178,3314 IDELL ST,6494703,1854741,1/1/2008,0:02:29,1/1/2008,0:04:44,1/1/2008,0:43:25,246H,HEARD ONLY,0,11Q42,,OCCSN,OFCR COMPLETED CALL SUPV NO
80101000022,Southwest,351,S LA BREA AV&RODEO RD,6453906,1830412,1/1/2008,0:02:28,1/1/2008,0:34:38,,,246H,HEARD ONLY,0,3A15,,GOASN,GONE ON ARRIVAL SUPV NO
80101000023,West Valley,1016,7900 RESEDA BL,6399621,1900646,1/1/2008,0:02:26,1/1/2008,0:18:32,,,246H,HEARD ONLY,0,10A73,,GOASN,GONE ON ARRIVAL SUPV NO
80101000024,Foothill,1626,11527 NORRIS AV,6432795,1924334,1/1/2008,0:02:31,1/1/2008,0:15:02,1/1/2008,0:20:17,245AF,AMB SHOTS FIRED,3,19A95,,RPTSN,REPORT SUPV NO
80101000025,Rampart,235,216 S LAKE ST,6479254,1846440,1/1/2008,0:02:41,1/1/2008,0:30:29,1/1/2008,0:32:35,507F,FIREWORKS,0,2FB48,,ADVSN,ADVISED SUPV NO
80101000026,Harbor,518,DEEPWATER AV&E SANDISON ST,6483338,1747383,1/1/2008,0:02:23,1/1/2008,0:10:51,1/1/2008,0:24:08,246H,HEARD ONLY,0,5A25,,GOASN,GONE ON ARRIVAL SUPV NO
80101000027,West Valley,1051,24107 KITTRIDGE ST,6364841,1892720,1/1/2008,0:02:34,1/1/2008,0:04:18,1/1/2008,2:48:12,507F,FIREWORKS,0,10A51,,GOASN,GONE ON ARRIVAL SUPV NO
80101000028,Northeast,1102,4305 EDENHURST AV,6479930,1870266,1/1/2008,0:02:49,1/1/2008,0:11:11,1/1/2008,0:41:58,246H,HEARD ONLY,0,11Q31,,OCCSN,OFCR COMPLETED CALL SUPV NO
80101000029,Foothill,1655,DE GARMO AV&VAN NUYS BL,6436797,1921804,1/1/2008,0:02:46,1/1/2008,0:34:37,1/1/2008,7:24:27,246H,HEARD ONLY,0,16A71,,OCCSN,OFCR COMPLETED CALL SUPV NO
80101000030,77th Street,1265,8410 HALLDALE AV,6469970,1808887,1/1/2008,0:02:07,1/1/2008,0:19:43,1/1/2008,0:24:39,246H,HEARD ONLY,0,12X14,,OCCSN,OFCR COMPLETED CALL SUPV NO
80101000032,Hollenbeck,412,S AVENUE 22&N BROADWAY,6495698,1849239,1/1/2008,0:02:50,1/1/2008,0:36:27,1/1/2008,5:09:59,246H,HEARD ONLY,0,4A15,,GOASN,
80101000033,77th Street,1269,8406 S SAN PEDRO ST,6479966,1808908,1/1/2008,0:02:12,1/1/2008,0:18:59,1/1/2008,1:27:14,415G,GRP,0,12X14,,GOASN,GONE ON ARRIVAL SUPV NO
80101000034,Devonshire,1747,10000 RUFFNER AV,6411627,1914464,1/1/2008,0:02:46,,,,,484I,INVEST,0, ,,RPT,REPORT
80101000035,Mission,1927,13988 FOOTHILL BL,6429328,1936771,1/1/2008,0:03:00,1/1/2008,0:03:32,1/1/2008,2:35:44,507P,PARTY,0,19Q21,,WRNSN,WARNED SUPV NO
80101000036,Southeast,1804,660 E 87TH ST,6481649,1807628,1/1/2008,0:03:11,1/1/2008,0:14:15,1/1/2008,0:37:17,507P,PARTY,0,18A3,,OCCSN,OFCR COMPLETED CALL SUPV NO
80101000038,Southwest,392,W VERNON AV&4TH AV,6464262,1823881,1/1/2008,0:02:45,1/1/2008,0:34:41,1/1/2008,2:26:45,246H,HEARD ONLY,0,3A15,,GOASN,GONE ON ARRIVAL SUPV NO
80101000039,Foothill,1693,MOUNT GLEASON AV&MCGROARTY ST,6470199,1914365,1/1/2008,0:02:58,1/1/2008,0:39:02,1/1/2008,3:22:09,246H,HEARD ONLY,0,16X86,,OCCSN,OFCR COMPLETED CALL SUPV NO
80101000040,Hollenbeck,478,1013 S FRESNO ST,6498870,1832401,1/1/2008,0:03:30,1/1/2008,0:49:35,1/1/2008,1:24:17,507P,PARTY,0,4A71,,OCCSN,OFCR COMPLETED CALL SUPV NO
80101000041,Foothill,1634,11130 TELFAIR AV,6430391,1921699,1/1/2008,0:03:33,1/1/2008,0:27:48,1/1/2008,1:19:36,246H,HEARD ONLY,0,16X86,,OCCSN,OFCR COMPLETED CALL SUPV NO
80101000042,Southwest,354,3RD AV&W 36TH ST,6464672,1830875,1/1/2008,0:03:59,1/1/2008,0:05:32,1/1/2008,0:05:39,245FJ,SHOTS FIRED J/O,3,3G20,,CMP,COMPLETED
80101000043,Van Nuys,964,5825 HAZELTINE AV,6428572,1886912,1/1/2008,0:03:57,1/1/2008,0:06:42,1/1/2008,0:40:07,246H,HEARD ONLY,0,9A45,,OCCSN,OFCR COMPLETED CALL SUPV NO
80101000044,Hollenbeck,469,169 S INDIANA ST,6503360,1834917,1/1/2008,0:04:02,1/1/2008,1:04:24,1/1/2008,1:40:18,246H,HEARD ONLY,0,4A97,,OCCSN,OFCR COMPLETED CALL SUPV NO
80101000046,Harbor,589,2222 S MESA ST,6474784,1722062,1/1/2008,0:04:02,1/1/2008,0:08:36,1/1/2008,0:52:11,507P,PARTY,0,5Z2,,WRNSN,WARNED SUPV NO
80101000047,Mission,1999,8558 COLUMBUS AV,6420989,1904851,1/1/2008,0:04:10,1/1/2008,0:20:39,1/1/2008,0:44:16,507P,PARTY,0,19Q5,,OCCSN,OFCR COMPLETED CALL SUPV NO
80101000048,77th Street,1273,DENKER AV&W 91ST ST,6469277,1805984,1/1/2008,0:04:20,1/1/2008,0:16:34,,,246H,HEARD ONLY,0,12A73,,GOASN,GONE ON ARRIVAL SUPV NO
80101000049,77th Street,1283,1874 W 92ND ST,6467453,1805302,1/1/2008,0:04:24,1/1/2008,0:16:39,,,246H,HEARD ONLY,0,12A73,,OCCSN,OFCR COMPLETED CALL SUPV NO
80101000050,Devonshire,1791,8555 PASO ROBLES AV,6409054,1904973,1/1/2008,0:04:23,,,,,211I,INVEST,0, ,,RPT,REPORT
80101000051,Hollenbeck,417,2510 LINCOLN PARK AV,6500280,1850164,1/1/2008,0:04:34,1/1/2008,0:15:40,1/1/2008,0:32:28,246H,HEARD ONLY,0,4Z2,,GOASN,GONE ON ARRIVAL SUPV NO
80101000052,N Hollywood,1595,11640 PICTURESQUE DR,6445045,1873227,1/1/2008,0:04:43,1/1/2008,0:07:09,1/1/2008,0:15:58,507P,PARTY,0,15X28,,ADVSN,ADVISED SUPV NO
80101000053,Harbor,529,633 BROAD AV,6482342,1741558,1/1/2008,0:03:47,1/1/2008,0:08:48,1/1/2008,1:02:20,507R,RADIO,0,5Z6,,ADVSN,ADVISED SUPV NO
80101000054,West Valley,1096,18103 CHARDON CIR,6401881,1877033,1/1/2008,0:04:49,1/1/2008,0:18:18,1/1/2008,2:09:26,9212,TRESPASS SUSP,0,10A87,,GOASN,GONE ON ARRIVAL SUPV NO
80101000055,Devonshire,1725,CLAIRE AV&BLACKHAWK ST,6395440,1916923,1/1/2008,0:04:54,1/1/2008,0:06:35,1/1/2008,1:12:33,507F,FIREWORKS,0,17A27,,OCCSN,OFCR COMPLETED CALL SUPV NO
80101000056,Mission,1987,WILLIS AV&NORDHOFF ST,6424053,1908378,1/1/2008,0:04:59,1/1/2008,0:08:41,1/1/2008,0:43:21,246H,HEARD ONLY,0,19Q21,,GOASN,GONE ON ARRIVAL SUPV NO
80101000057,77th Street,1265,1524 W 82ND ST,6469785,1809617,1/1/2008,0:05:14,1/1/2008,0:17:44,,,246H,HEARD ONLY,0,12A73,,OCCSN,OFCR COMPLETED CALL SUPV NO
80101000058,Foothill,1646,KEWEN AV&PIERCE ST,6433538,1917053,1/1/2008,0:05:20,1/1/2008,0:27:53,1/1/2008,0:38:31,246H,HEARD ONLY,0,16A71,,OCCSN,OFCR COMPLETED CALL SUPV NO
80101000059,N Hollywood,1562,4454 COLDWATER CYN AV,6436499,1877909,1/1/2008,0:03:07,1/1/2008,0:06:53,1/1/2008,0:13:38,921PS,POSS SUSP,2,15A39,,OCCSN,OFCR COMPLETED CALL SUPV NO
80101000060,Hollenbeck,439,5049 BORLAND RD,6509053,1847781,1/1/2008,0:05:29,1/1/2008,1:09:33,1/1/2008,1:16:20,246H,HEARD ONLY,0,4L40,,OCCSN,OFCR COMPLETED CALL SUPV NO
80101000062,West LA,889,8902 GUTHRIE AV,6444682,1837900,1/1/2008,0:05:37,1/1/2008,0:08:54,1/1/2008,1:50:49,906B1,CODE 30 RINGER,0,8Q21,,FALSN,FALSE ALARM CODE 12 SUPV NO
80101000063,West Valley,1049,6322 RESEDA BL,6399577,1890217,1/1/2008,0:03:14,1/1/2008,0:16:00,1/1/2008,0:44:37,242D,DOM VIOL,2,10A27,,ADVSN,ADVISED SUPV NO
80101000064,Mission,1936,11455 LAUREL CYN BL,6424943,1923832,1/1/2008,0:05:41,1/1/2008,0:07:00,1/1/2008,0:10:47,906R,ROBBERY (211 SILENT),3,19X22,,FALSN,FALSE ALARM CODE 12 SUPV NO
80101000065,West Valley,1038,7000 JAMIESON AV,6403977,1894680,1/1/2008,0:05:37,1/1/2008,0:06:45,1/1/2008,0:50:52,246H,HEARD ONLY,0,10A51,,OCCSN,OFCR COMPLETED CALL SUPV NO
80101000066,77th Street,1239,W 61ST ST&S VERMONT AV,6473307,1816742,1/1/2008,0:05:50,1/1/2008,0:17:46,,,246H,HEARD ONLY,0,12A73,,GOASN,GONE ON ARRIVAL SUPV NO
80101000067,Hollenbeck,439,CAVANAGH RD&N MARIANNA AV,6508527,1847467,1/1/2008,0:05:41,,,,,246H,HEARD ONLY,0, ,,INF,INFORMATION
80101000068,77th Street,1243,1847 W FLORENCE AV,6467677,1813294,1/1/2008,0:06:05,1/1/2008,0:21:24,1/1/2008,0:43:26,246H,HEARD ONLY,0,12A45,,GOASN,GONE ON ARRIVAL SUPV NO
80101000069,Newton,1375,E 54TH ST&S CENTRAL AV,6483931,1820102,1/1/2008,0:05:05,1/1/2008,0:21:10,1/1/2008,1:28:49,246H,HEARD ONLY,0,13X44,,OCCSN,
80101000072,N Hollywood,1532,6100 WILKINSON AV,6439483,1888595,1/1/2008,0:06:16,,,,,507F,FIREWORKS,0, ,,INF,INFORMATION
80101000073,Van Nuys,938,13700 LEADWELL ST,6430962,1896861,1/1/2008,0:06:14,1/1/2008,0:12:12,1/1/2008,2:39:28,507P,PARTY,0,9A37,,GOASN,GONE ON ARRIVAL SUPV NO
80101000074,Hollywood,636,WHITLEY AV&FRANKLIN AV,6460759,1860847,1/1/2008,0:06:45,1/1/2008,0:10:47,1/1/2008,0:54:40,507F,FIREWORKS,0,6X32,,GOASN,GONE ON ARRIVAL SUPV NO
80101000075,77th Street,1235,1436 W 58TH PL,6470421,1818264,1/1/2008,0:06:45,1/1/2008,0:21:29,1/1/2008,0:28:21,246H,HEARD ONLY,0,12A45,,GOASN,GONE ON ARRIVAL SUPV NO
80101000076,Southwest,396,MENLO AV&W MLK BL,6473745,1826485,1/1/2008,0:06:51,1/1/2008,0:34:44,1/1/2008,1:49:25,246H,HEARD ONLY,0,3A15,,GOASN,GONE ON ARRIVAL SUPV NO
80101000077,Southeast,1802,W 89TH ST&S BROADWAY,6477299,1806319,1/1/2008,0:07:06,1/1/2008,0:07:39,1/1/2008,0:11:55,246H,HEARD ONLY,0,18A3,,OCCSN,OFCR COMPLETED CALL SUPV NO
80101000078,Mission,1987,9022 CEDROS AV,6424598,1907864,1/1/2008,0:07:08,1/1/2008,0:08:44,1/1/2008,0:37:36,246H,HEARD ONLY,0,19Q21,,GOASN,GONE ON ARRIVAL SUPV NO
80101000079,Newton,1353,912 E 46TH ST,6482937,1823118,1/1/2008,0:07:16,1/1/2008,0:08:06,1/1/2008,0:08:56,246X,I/P,3,13X42,,GOASN,GONE ON ARRIVAL SUPV NO
80101000081,Mission,1985,9834 SEPULVEDA BL,6420416,1913274,1/1/2008,0:07:26,1/1/2008,0:08:47,1/1/2008,0:23:45,246H,HEARD ONLY,0,19Q21,,GOASN,GONE ON ARRIVAL SUPV NO
80101000082,N Hollywood,1532,12345 OXNARD ST,6440036,1887941,1/1/2008,0:07:26,1/1/2008,0:09:40,1/1/2008,0:12:12,246H,HEARD ONLY,0,15G44,,OCCSN,
80101000083,Hollenbeck,489,3020 THE MALL,6497687,1831030,1/1/2008,0:07:38,1/1/2008,1:04:29,1/1/2008,1:40:38,246H,HEARD ONLY,0,4A97,,OCCSN,OFCR COMPLETED CALL SUPV NO
80101000084,Foothill,1646,PIERCE ST&CAYUGA AV,6433785,1917268,1/1/2008,0:07:41,1/1/2008,0:28:00,1/1/2008,0:41:21,246H,HEARD ONLY,0,16X86,,OCCSN,OFCR COMPLETED CALL SUPV NO
80101000085,Rampart,253,3049 W 8TH ST,6472897,1843549,1/1/2008,0:07:45,1/1/2008,0:43:17,1/1/2008,0:47:44,390G,GRP,0,2X22,,GOASN,GONE ON ARRIVAL SUPV NO
80101000086,Rampart,282,2200 W 14TH ST,6474905,1839324,1/1/2008,0:07:52,1/1/2008,0:08:25,1/1/2008,0:15:45,415F,FIGHT,2,2A15,,GOASN,GONE ON ARRIVAL SUPV NO
80101000088,Northeast,1149,S AVENUE 55&N FIGUEROA ST,6502300,1861727,1/1/2008,0:07:40,1/1/2008,0:08:51,1/1/2008,0:42:02,246H,HEARD ONLY,0,11Q44,,OCCSN,OFCR COMPLETED CALL SUPV NO
80101000089,Hollenbeck,426,4945 AXTELL ST,6508771,1853636,1/1/2008,0:08:17,,,,,246H,HEARD ONLY,0, ,,INF,INFORMATION
80101000090,Harbor,504,20502 DENKER AV,6469370,1766019,1/1/2008,0:08:01,1/1/2008,0:16:47,1/1/2008,0:31:41,906B1,CODE 30 RINGER,0,5Z1,,FALSN,FALSE ALARM CODE 12 SUPV NO
80101000091,Central,158,E 7TH ST&S CENTRAL AV,6488601,1835861,1/1/2008,0:08:19,1/1/2008,0:09:43,1/1/2008,0:13:27,245SN,SUSP NOW,3,1Z33,,GOASN,GONE ON ARRIVAL SUPV NO
80101000092,Van Nuys,995,15128 VALLEY VISTA BL,6421410,1876623,1/1/2008,0:08:13,1/1/2008,0:25:59,1/1/2008,2:09:14,906B1,CODE 30 RINGER,0,9A89,,FALSN,FALSE ALARM CODE 12 SUPV NO
80101000093,Harbor,507,1535 1/2 W 224TH ST,6469126,1758262,1/1/2008,0:08:29,1/1/2008,0:09:19,1/1/2008,3:51:55,246H,HEARD ONLY,0,5A11,, , 
80101000095,Van Nuys,928,6938 RANCHITO AV,6429978,1894164,1/1/2008,0:07:32,1/1/2008,0:12:02,1/1/2008,0:26:08,507F,FIREWORKS,0,9A65,,OCCSN,OFCR COMPLETED CALL SUPV NO
80101000096,Pacific,1489,9629 GLASGOW PL,6448981,1803991,1/1/2008,0:07:36,1/1/2008,0:23:45,1/1/2008,0:35:01,507F,FIREWORKS,0,14A73,,GOASN,GONE ON ARRIVAL SUPV NO
80101000097,77th Street,1266,W 79TH ST&S HOOVER ST,6474618,1810802,1/1/2008,0:08:12,1/1/2008,0:19:35,1/1/2008,1:00:18,246H,HEARD ONLY,0,12X14,,OCCSN,OFCR COMPLETED CALL SUPV NO
80101000098,West Valley,1042,7020 REMMET AV,6380178,1894906,1/1/2008,0:08:58,1/1/2008,0:25:01,1/1/2008,0:34:05,507P,PARTY,0,10X82,,OCCSN,OFCR COMPLETED CALL SUPV NO
80101000100,West LA,859,8500 CASHIO ST,6447712,1841034,1/1/2008,0:09:11,1/1/2008,0:12:09,1/1/2008,1:57:36,507F,FIREWORKS,0,8A59,,GOASN,GONE ON ARRIVAL SUPV NO
80101000101,Hollywood,671,632 N HAYWORTH AV,6451870,1852556,1/1/2008,0:09:24,1/1/2008,0:10:35,1/1/2008,1:10:41,507F,FIREWORKS,0,6A71,,GOASN,GONE ON ARRIVAL SUPV NO
80101000102,Southwest,332,WEST BL&W 28TH ST,6458142,1833888,1/1/2008,0:09:33,1/1/2008,0:34:52,1/1/2008,0:42:19,246H,HEARD ONLY,0,3L40,,GOASN,GONE ON ARRIVAL SUPV NO
80101000103,Pacific,1433,1000 MARCO PL,6423228,1821247,1/1/2008,0:09:48,1/1/2008,0:11:08,,,246H,HEARD ONLY,0,14G30,,OCC,OFCR COMPLETED CALL
80101000104,77th Street,1204,W 46TH ST&S NORMANDIE AV,6470686,1823123,1/1/2008,0:09:59,1/1/2008,0:10:45,1/1/2008,0:14:58,245JF,J/O SHOTS FIRED,3,12X14,,OCCSN,OFCR COMPLETED CALL SUPV NO
80101000105,West Valley,1012,7900 MAYNARD AV,6373527,1900743,1/1/2008,0:10:07,1/1/2008,0:25:05,1/1/2008,0:58:07,507F,FIREWORKS,0,10X82,,OCCSN,OFCR COMPLETED CALL SUPV NO
80101000106,Newton,1367,1660 E 49TH ST,6487639,1821937,1/1/2008,0:10:16,1/1/2008,0:21:03,1/1/2008,0:40:00,507R,RADIO,0,13X44,,ADVSN,ADVISED SUPV NO
80101000107,Rampart,282,W 14TH ST&MAGNOLIA AV,6474915,1839344,1/1/2008,0:10:15,1/1/2008,0:11:12,1/1/2008,0:12:58,4152,GANG ACT,2,2G23,,OCCSN,OFCR COMPLETED CALL SUPV NO
80101000109,Northeast,1147,3056 DIVISION ST,6490787,1860203,1/1/2008,0:10:28,1/1/2008,0:18:36,1/1/2008,0:40:15,246H,HEARD ONLY,0,11Q42,,OCCSN,OFCR COMPLETED CALL SUPV NO
80101000113,Pacific,1406,KEYSTONE AV&REGENT ST,6438024,1830446,1/1/2008,0:11:36,1/1/2008,0:16:41,1/1/2008,0:22:46,246H,HEARD ONLY,0,14Q23,,GOASN,GONE ON ARRIVAL SUPV NO
80101000115,N Hollywood,1504,8036 RADFORD AV,6443136,1901507,1/1/2008,0:11:48,1/1/2008,0:14:48,1/1/2008,0:19:41,246H,HEARD ONLY,0,15G43,, , 
80101000116,N Hollywood,1505,KRAFT AV&ARMINTA ST,6446684,1900418,1/1/2008,0:12:00,1/1/2008,0:20:18,1/1/2008,0:23:24,246H,HEARD ONLY,0,15A38,,OCCSN,
80101000118,Southeast,1881,W ALONDRA BL&AINSWORTH ST,6473539,1780754,1/1/2008,0:12:00,1/1/2008,0:14:07,1/1/2008,0:14:36,415M,MAN,0,18A97,,OCCSN,
80101000119,77th Street,1235,W 59TH PL&DENKER AV,6469339,1817690,1/1/2008,0:12:20,1/1/2008,0:21:27,1/1/2008,0:35:33,246H,HEARD ONLY,0,12A45,,GOASN,GONE ON ARRIVAL SUPV NO
80101000121,Rampart,284,1740 S HOOVER ST,6475611,1837940,1/1/2008,0:12:35,1/1/2008,0:23:04,1/1/2008,0:25:58,211J,J/O,2,2A42,,CMP,COMPLETED
80101000122,West Valley,1063,22701 BERDON ST,6373781,1885226,1/1/2008,0:12:45,1/1/2008,0:17:27,1/1/2008,0:36:07,246H,HEARD ONLY,0,10A57,,OCCSN,OFCR COMPLETED CALL SUPV NO
80101000123,Pacific,1403,SAN DIEGO & SANTA MONICA,6430304,1834023,1/1/2008,0:12:49,,,,,390MV,MAN IN VEH,0, ,,INF,INFORMATION
80101000124,Van Nuys,927,WOODMAN AV&SATICOY ST,6431489,1898884,1/1/2008,0:11:50,1/1/2008,0:35:04,1/1/2008,1:25:14,507F,FIREWORKS,0,9A65,,GOASN,GONE ON ARRIVAL SUPV NO
80101000125,Northeast,1171,3541 DAHLIA AV,6478829,1856448,1/1/2008,0:13:05,1/1/2008,0:31:16,1/1/2008,1:22:35,507P,PARTY,0,11Q37,,OCCSN,OFCR COMPLETED CALL SUPV NO
80101000126,Devonshire,1728,HAYVENHURST AV&SAN FERN MISN B,6412586,1921728,1/1/2008,0:13:20,1/1/2008,0:18:31,1/1/2008,0:18:50,246H,HEARD ONLY,0,17A27,,OCCSN,OFCR COMPLETED CALL SUPV NO
80101000127,Van Nuys,938,RUNNYMEDE ST&WOODMAN AV,6431275,1897693,1/1/2008,0:08:32,1/1/2008,0:15:09,1/1/2008,0:16:26,900,UNKNOWN TROUBLE,3,9A37,,OCCSN,OFCR COMPLETED CALL SUPV NO
80101000128,N Hollywood,1555,11950 KLING ST,6442705,1879303,1/1/2008,0:13:18,1/1/2008,0:25:31,1/1/2008,0:30:53,246H,HEARD ONLY,0,15G44,,GOASN,GONE ON ARRIVAL SUPV NO
80101000129,Wilshire,783,2211 S MANSFIELD AV,6455621,1836181,1/1/2008,0:13:57,1/1/2008,0:38:30,1/1/2008,1:02:06,507F,FIREWORKS,0,7A7,,GOASN,GONE ON ARRIVAL SUPV NO
80101000130,Newton,1372,357 E 56TH ST,6480261,1819441,1/1/2008,0:14:05,1/1/2008,0:21:40,1/1/2008,0:28:55,41524,GANG ACT SHOTS FIRED,3,13X62,,OCCSN,OFCR COMPLETED CALL SUPV NO
80101000131,Wilshire,746,1190 CRENSHAW BL,6463190,1840978,1/1/2008,0:13:56,1/1/2008,0:38:35,1/1/2008,0:39:21,507F,FIREWORKS,0,7A7,,ADVSN,ADVISED SUPV NO
80101000133,Devonshire,1751,21500 LASSEN ST,6380647,1913875,1/1/2008,0:14:18,1/1/2008,0:18:57,1/1/2008,1:12:40,620F,FAMILY,0,17A45,,OCCSN,OFCR COMPLETED CALL SUPV NO
80101000134,Hollywood,697,4955 ROSEWOOD AV,6467027,1851405,1/1/2008,0:14:23,1/1/2008,0:16:01,1/1/2008,0:17:25,246H,HEARD ONLY,0,6A97,, , 
80101000135,Northeast,1147,3100 DIVISION ST,6491011,1860346,1/1/2008,0:14:25,1/1/2008,0:18:08,1/1/2008,0:43:13,246H,HEARD ONLY,0,11Q42,,OCCSN,OFCR COMPLETED CALL SUPV NO
80101000137,Rampart,237,W 3RD ST&COLUMBIA AV,6481591,1844117,1/1/2008,0:14:39,1/1/2008,0:26:00,1/1/2008,0:26:35,246H,HEARD ONLY,0,2X22,,OCCSN,OFCR COMPLETED CALL SUPV NO
80101000138,West Valley,1046,6316 CREBS AV,6397237,1890261,1/1/2008,0:14:52,,,,,507F,FIREWORKS,0, ,,INF,INFORMATION
80101000139,Southeast,1841,747 W IMPERIAL HWY,6474292,1797412,1/1/2008,0:14:54,1/1/2008,0:18:55,1/1/2008,0:26:50,245S,SUSP,2,18A18,,GOASN,GONE ON ARRIVAL SUPV NO
80101000141,Wilshire,777,1814 S VAN NESS AV,6465842,1837439,1/1/2008,0:15:07,1/1/2008,0:21:09,1/1/2008,0:51:42,246H,HEARD ONLY,0,7A88,,GOASN,GONE ON ARRIVAL SUPV NO
80101000142,Newton,1373,E 56TH ST&AVALON BL,6481280,1819423,1/1/2008,0:15:36,1/1/2008,0:21:14,1/1/2008,4:07:36,246H,HEARD ONLY,0,13X44,,OCCSN,
80101000143,Northeast,1113,2700 COLORADO BL,6493867,1874327,1/1/2008,0:15:07,1/1/2008,0:16:18,1/1/2008,0:30:15,906B1,CODE 30 RINGER,0,11A17,,FALSN,FALSE ALARM CODE 12 SUPV NO
80101000144,N Hollywood,1581,4332 WHITSETT AV,6439088,1876914,1/1/2008,0:15:40,1/1/2008,0:19:59,1/1/2008,0:25:47,246H,HEARD ONLY,0,15A24,,GOASN,GONE ON ARRIVAL SUPV NO
80101000145,Foothill,1671,OSBORNE ST&BEACHY AV,6431904,1909885,1/1/2008,0:15:44,1/1/2008,0:35:03,1/1/2008,0:54:56,415G4,GROUP SHOTS FIRED,2,19A23,,OCCSN,OFCR COMPLETED CALL SUPV NO
80101000146,Northeast,1135,3573 CANADA ST,6491435,1864062,1/1/2008,0:15:54,1/1/2008,0:16:46,1/1/2008,0:40:29,246H,HEARD ONLY,0,11Q45,,OCCSN,OFCR COMPLETED CALL SUPV NO
80101000147,Southeast,1804,911 E 87TH ST,6483293,1807678,1/1/2008,0:15:58,1/1/2008,0:19:14,1/1/2008,0:38:59,246H,HEARD ONLY,0,18A3,,GOASN,GONE ON ARRIVAL SUPV NO
80101000148,Newton,1365,E 48TH PL&HOOPER AV,6485251,1822228,1/1/2008,0:16:00,1/1/2008,0:21:21,1/1/2008,0:49:28,246H,HEARD ONLY,0,13X62,,GOASN,GONE ON ARRIVAL SUPV NO
80101000149,Northeast,1169,271 S AVENUE 52,6502029,1860152,1/1/2008,0:16:05,1/1/2008,0:17:28,1/1/2008,0:50:18,507F,FIREWORKS,0,11Q44,,OCCSN,OFCR COMPLETED CALL SUPV NO
80101000150,Newton,1371,112 W 55TH ST,6478538,1819718,1/1/2008,0:16:09,1/1/2008,0:19:20,1/1/2008,0:37:04,620D,DOM VIOL,2,13A43,,ADVSN,ADVISED SUPV NO
80101000151,Newton,1347,4346 LIMA ST,6487056,1824052,1/1/2008,0:16:18,1/1/2008,0:23:12,1/1/2008,0:40:15,246D,INHAB DWELLING,2,13A93,,OCCSN,OFCR COMPLETED CALL SUPV NO
80101000152,Northeast,1102,BEMIS ST&BRUNSWICK AV,6480261,1871376,1/1/2008,0:15:48,1/1/2008,0:31:20,1/1/2008,1:02:12,246H,HEARD ONLY,0,11Q44,,OCCSN,OFCR COMPLETED CALL SUPV NO
80101000153,Newton,1367,1666 E 49TH ST,6487674,1821937,1/1/2008,0:16:47,1/1/2008,0:21:27,,,246H,HEARD ONLY,0,13X62,, , 
80101000154,Southeast,1836,1554 E 106TH ST,6486695,1800502,1/1/2008,0:16:56,1/1/2008,0:18:28,1/1/2008,0:26:17,415M3,MAN W/GUN,2,18A35,,OCCSN,OFCR COMPLETED CALL SUPV NO
80101000156,Southeast,1838,10612 LOU DILLON AV,6490460,1800500,1/1/2008,0:10:23,,,,,100,OTHER,0, ,,INF,INFORMATION
80101000157,Van Nuys,945,14849 VANOWEN ST,6423673,1893296,1/1/2008,0:16:57,1/1/2008,0:19:45,1/1/2008,1:02:26,415JG,JUV GRP,0,9A45,,GOASN,GONE ON ARRIVAL SUPV NO
80101000158,Van Nuys,958,14146 FRIAR ST,6428293,1890226,1/1/2008,0:17:17,1/1/2008,0:25:22,1/1/2008,0:31:37,507P,PARTY,0,9A45,,WRNSN,WARNED SUPV NO
80101000159,Southwest,375,1806 W 39TH PL,6466693,1827503,1/1/2008,0:17:27,1/1/2008,0:22:47,1/1/2008,0:28:02,900,UNKNOWN TROUBLE,3,3A34,,OCCSN,OFCR COMPLETED CALL SUPV NO
80101000160,West Valley,1089,15910 VENTURA BL,6416596,1879412,1/1/2008,0:17:16,1/1/2008,0:21:43,1/1/2008,1:38:43,415G,GRP,0,10A87,,GOASN,GONE ON ARRIVAL SUPV NO
80101000163,N Hollywood,1512,8062 TEESDALE AV,6437719,1901807,1/1/2008,0:17:36,,,,,507F,FIREWORKS,0, ,,INF,INFORMATION
80101000164,Southwest,392,8TH AV&W VERNON AV,6462938,1823879,1/1/2008,0:17:46,1/1/2008,0:34:56,1/1/2008,0:55:12,246H,HEARD ONLY,0,3L40,,CMP,COMPLETED
80101000165,Rampart,267,716 S BONNIE BRAE ST,6478471,1842561,1/1/2008,0:17:56,1/1/2008,0:37:57,1/1/2008,1:53:30,242S,SUSP,2,2A75,,OCCSN,OFCR COMPLETED CALL SUPV NO
80101000166,N Hollywood,1581,4303 BELLAIRE AV,6437768,1876728,1/1/2008,0:17:53,1/1/2008,0:20:08,1/1/2008,0:41:02,507P,PARTY,0,15A24,,ADVSN,ADVISED SUPV NO
80101000170,77th Street,1203,W 48TH ST&S WESTERN AV,6468035,1822555,1/1/2008,0:18:10,1/1/2008,0:20:14,1/1/2008,0:35:14,246H,HEARD ONLY,0,12A66,,OCCSN,OFCR COMPLETED CALL SUPV NO
80101000172,77th Street,1213,5516 S MANHATTAN PL,6467675,1819745,1/1/2008,0:18:13,1/1/2008,0:19:14,1/1/2008,0:26:09,246H,HEARD ONLY,0,12A66,,OCCSN,OFCR COMPLETED CALL SUPV NO
80101000173,Hollenbeck,416,2738 JOHNSTON ST,6498125,1851142,1/1/2008,0:18:29,1/1/2008,0:36:38,1/1/2008,0:40:41,507R,RADIO,0, ,,INF,INFORMATION
80101000174,Wilshire,784,W WASHINGTON BL&S RIMPAU BL,6457614,1837059,1/1/2008,0:18:22,1/1/2008,0:19:03,1/1/2008,0:26:47,246H,HEARD ONLY,0,7A55,,OCCSN,OFCR COMPLETED CALL SUPV NO
80101000175,77th Street,1203,1537 W 46TH ST,6469313,1823239,1/1/2008,0:17:58,1/1/2008,0:20:18,,,246H,HEARD ONLY,0,12A66,,GOASN,GONE ON ARRIVAL SUPV NO
80101000179,Hollywood,666,1150 WILCOX AV,6461474,1855906,1/1/2008,0:17:34,,,,,100,OTHER,0, ,,RPT,REPORT
80101000180,Hollywood,672,744 N SPAULDING AV,6453477,1853319,1/1/2008,0:19:11,1/1/2008,0:27:32,1/1/2008,0:58:04,906B1,CODE 30 RINGER,0,6X66,,FALSN,FALSE ALARM CODE 12 SUPV NO
80101000181,Central,159,INDUSTRIAL ST&MATEO ST,6491255,1835462,1/1/2008,0:19:22,1/1/2008,1:17:59,1/1/2008,1:20:20,507R,RADIO,0,1Z57,, , 
80101000182,Hollenbeck,464,219 S CHICAGO ST,6497054,1838217,1/1/2008,0:19:26,1/1/2008,0:24:55,1/1/2008,0:24:55,4591SN,BFV SUSP NOW,2,4L120,,RPTSN,REPORT SUPV NO
80101000183,Mission,1935,SAN FERN MISN BL&SHARP AV,6424097,1922818,1/1/2008,0:19:30,1/1/2008,0:20:26,1/1/2008,0:27:32,246H,HEARD ONLY,0,19X22,,OCCSN,OFCR COMPLETED CALL SUPV NO
80101000184,N Hollywood,1581,4154 SAINT CLAIR AV,6440715,1875722,1/1/2008,0:19:41,1/1/2008,0:19:54,1/1/2008,1:14:35,620N,NEIGHBOR,0,15A24,,GOASN,GONE ON ARRIVAL SUPV NO
80101000185,Southwest,332,2809 WEST BL,6458121,1833830,1/1/2008,0:19:38,1/1/2008,1:05:08,1/1/2008,1:19:59,594SL,SUSP J/L,2,3A92,,RPTSN,REPORT SUPV NO
80101000186,Southeast,1823,E 94TH ST&S SAN PEDRO ST,6479929,1804698,1/1/2008,0:19:47,1/1/2008,0:37:34,1/1/2008,0:37:34,246H,HEARD ONLY,0,18A44,,OCCSN,OFCR COMPLETED CALL SUPV NO
80101000188,Southwest,355,1794 W 37TH PL,6467206,1829873,1/1/2008,0:18:25,,,,,620M,MAN/WMN,0, ,,INF,INFORMATION
80101000189,Southwest,353,EXPOSITION BL&CHESAPEAKE AV,6457073,1831208,1/1/2008,0:20:03,1/1/2008,0:35:05,1/1/2008,0:47:37,246H,HEARD ONLY,0,3L40,,GOASN,GONE ON ARRIVAL SUPV NO
80101000190,Southeast,1826,9542 DEFIANCE AV,6487298,1804321,1/1/2008,0:20:06,1/1/2008,0:48:34,1/1/2008,0:59:16,242S,SUSP,2,18A63,,OCCSN,OFCR COMPLETED CALL SUPV NO
80101000194,Mission,1906,13453 ALMETZ ST,6433127,1941839,1/1/2008,0:20:48,1/1/2008,0:32:22,1/1/2008,1:13:04,507P,PARTY,0,19A23,,OCCSN,
80101000195,Wilshire,714,S FAIRFAX AV&W 3RD ST,6452218,1848616,1/1/2008,0:20:42,,,,,100,OTHER,0, ,,RPT,REPORT
80101000196,Northeast,1109,5111 HARTWICK ST,6502051,1873242,1/1/2008,0:20:58,1/1/2008,0:33:25,1/1/2008,0:39:51,921C,COMPLAINT,0,11A17,,GOASN,GONE ON ARRIVAL SUPV NO
80101000197,Harbor,567,431 W 18TH ST,6474555,1723451,1/1/2008,0:21:03,1/1/2008,0:29:20,1/1/2008,1:54:00,507P,PARTY,0,5Z2,,WRNSN,WARNED SUPV NO
80101000198,77th Street,1256,MENLO AV&W FLORENCE AV,6473974,1813279,1/1/2008,0:20:05,1/1/2008,0:21:45,1/1/2008,0:44:54,507R,RADIO,0,12X34,,OCCSN,OFCR COMPLETED CALL SUPV NO
80101000199,Pacific,1406,3821 1/4 KEYSTONE AV,6438754,1829467,1/1/2008,0:21:23,1/1/2008,0:23:58,1/1/2008,0:31:07,594S,SUSP,2,14A27,,OCCSN,OFCR COMPLETED CALL SUPV NO
80101000200,Van Nuys,978,COLDWATER CYN AV&MOORPARK ST,6436477,1877364,1/1/2008,0:21:24,1/1/2008,0:26:03,1/1/2008,2:31:11,507P,PARTY,0,9A89,,OCCSN,OFCR COMPLETED CALL SUPV NO
80101000201,Newton,1331,122 E 28TH ST,6480015,1830900,1/1/2008,0:21:30,1/1/2008,0:22:08,1/1/2008,0:25:16,507P,PARTY,0,13X44,,ADVSN,ADVISED SUPV NO
80101000204,Wilshire,756,1028 S KENMORE AV,6471772,1841488,1/1/2008,0:21:55,1/1/2008,0:22:52,1/1/2008,0:23:15,507P,PARTY,0,7A47,,ADVSN,ADVISED SUPV NO
80101000205,Harbor,509,25126 BELLE PORTE AV,6470190,1748469,1/1/2008,0:22:01,1/1/2008,0:28:10,1/1/2008,0:51:53,415G4,GROUP SHOTS FIRED,2,5A24,,GOASN,GONE ON ARRIVAL SUPV NO
80101000206,Harbor,511,BELLE PORTE AV&W 252ND ST,6470169,1748198,1/1/2008,0:21:07,1/1/2008,0:28:02,1/1/2008,0:32:53,415G3,GROUP W/GUN,2,5A24,,GOASN,GONE ON ARRIVAL SUPV NO
80101000207,77th Street,1259,7518 S SAN PEDRO ST,6479965,1812300,1/1/2008,0:22:03,1/1/2008,0:23:37,1/1/2008,0:45:35,507R,RADIO,0,12X34,,OCCSN,OFCR COMPLETED CALL SUPV NO
80101000208,Van Nuys,926,ROSCOE BL&LENNOX AV,6426857,1903327,1/1/2008,0:22:32,1/1/2008,0:24:12,1/1/2008,0:40:22,9045,H & R MISD,0,15T43,,GOASN,GONE ON ARRIVAL SUPV NO
80101000209,West Valley,1097,17127 CLEMONS DR,6408882,1871156,1/1/2008,0:22:39,1/1/2008,0:23:09,1/1/2008,1:50:10,246H,HEARD ONLY,0,10A87,,GOASN,GONE ON ARRIVAL SUPV NO
80101000210,Harbor,507,1604 227TH ST,6468579,1757064,1/1/2008,0:22:43,1/1/2008,0:29:11,1/1/2008,3:59:27,507P,PARTY,0,5Z1,,OCCSN,OFCR COMPLETED CALL SUPV NO
80101000211,Van Nuys,927,7854 MAMMOTH AV,6431088,1900543,1/1/2008,0:22:56,1/1/2008,0:35:09,1/1/2008,1:30:50,507F,FIREWORKS,0,9A65,,GOASN,GONE ON ARRIVAL SUPV NO
80101000214,Foothill,1652,14002 LOUVRE ST,6428214,1916612,1/1/2008,0:23:00,1/1/2008,0:29:09,1/1/2008,1:30:55,246H,HEARD ONLY,0,16A71,,OCCSN,OFCR COMPLETED CALL SUPV NO
80101000215,Harbor,511,1440 W 253RD ST,6469970,1747805,1/1/2008,0:22:25,1/1/2008,0:24:18,1/1/2008,0:32:06,245DX,DOM VIOL IN PROGRESS,3,5A11,,ADVSN,ADVISED SUPV NO
80101000217,West LA,886,1244 BEVERLY GREEN DR,6438720,1842709,1/1/2008,0:23:13,1/1/2008,0:50:15,,,906B1,CODE 30 RINGER,0, ,,FAL,FALSE ALARM CODE 12
80101000218,Pacific,1453,4160 SUNNYSIDE AV,6428624,1819222,1/1/2008,0:23:18,1/1/2008,0:23:42,1/1/2008,1:10:42,415M,MAN,0,14A73,,RPTSN,REPORT SUPV NO
80101000221,77th Street,1232,3156 W SLAUSON AV,6462206,1818539,1/1/2008,0:23:47,1/1/2008,0:34:20,1/1/2008,0:34:20,620D,DOM VIOL,2,12A3,,ARRSN,ARREST SUPV NO
80101000223,Southeast,1834,E 106TH ST&MCKINLEY AV,6482556,1800698,1/1/2008,0:24:11,1/1/2008,0:24:11,1/1/2008,0:24:11,6,CODE 6,0,23R03,,CMP,COMPLETED
80101000226,West Valley,1022,7100 SCARBOROUGH PEAK DR,6364084,1895674,1/1/2008,0:24:22,1/1/2008,0:25:08,1/1/2008,1:07:03,507F,FIREWORKS,0,10X82,,OCCSN,OFCR COMPLETED CALL SUPV NO
80101000227,Hollenbeck,467,2800 E 3RD ST,6499128,1836702,1/1/2008,0:24:22,1/1/2008,0:49:01,1/1/2008,1:45:39,507F,FIREWORKS,0,4A71,, , 
80101000228,N Hollywood,1543,5228 HERMITAGE AV,6440595,1882828,1/1/2008,0:24:32,1/1/2008,0:30:47,1/1/2008,0:36:13,507P,PARTY,0,15A68,,ADVSN,ADVISED SUPV NO
80101000229,Pacific,1405,10541 NATIONAL BL,6437100,1833217,1/1/2008,0:23:14,1/1/2008,0:44:08,1/1/2008,0:52:57,507R,RADIO,0,14A27,,WRNSN,WARNED SUPV NO
80101000230,Harbor,509,1332 HUNT TER,6470510,1750447,1/1/2008,0:24:11,1/1/2008,0:42:41,1/1/2008,1:00:34,507F,FIREWORKS,0,5A25,,GOASN,GONE ON ARRIVAL SUPV NO
80101000231,77th Street,1204,46TH/NORMANDIE,6470686,1823123,1/1/2008,0:22:35,1/1/2008,0:27:34,1/1/2008,0:30:16,246A,AMB,3,12X14,,OCCSN,OFCR COMPLETED CALL SUPV NO
80101000236,Wilshire,702,W 3RD ST&S LA JOLLA AV,6450241,1848944,1/1/2008,0:25:03,1/1/2008,0:31:28,1/1/2008,1:14:29,314M,MAN,2,7A47,,GOASN,GONE ON ARRIVAL SUPV NO
80101000237,Wilshire,705,N DETROIT ST&W 1ST ST,6457149,1849337,1/1/2008,0:25:16,1/1/2008,0:39:04,,,507F,FIREWORKS,0,7A7,,ADVSN,ADVISED SUPV NO
80101000238,Northeast,1151,1305 N VERMONT AV,6473317,1857320,1/1/2008,0:25:31,1/1/2008,0:31:04,1/1/2008,0:31:08,906B1,CODE 30 RINGER,0,11L60,,FALSN,FALSE ALARM CODE 12 SUPV NO
80101000239,Newton,1351,203 W 43RD ST,6477945,1824566,1/1/2008,0:25:36,1/1/2008,0:32:56,1/1/2008,0:48:17,246H,HEARD ONLY,0,13X42,,RPTSN,REPORT SUPV NO
80101000241,West Valley,1042,21217 GAULT ST,6381905,1895431,1/1/2008,0:25:46,1/1/2008,0:26:07,1/1/2008,0:44:03,507P,PARTY,0,10X82,,ADVSN,ADVISED SUPV NO
80101000242,Mission,1902,13300 PHILLIPPI AV,6426717,1936564,1/1/2008,0:25:54,1/1/2008,0:29:08,1/1/2008,0:35:47,246H,HEARD ONLY,0,19X6,,OCCSN,OFCR COMPLETED CALL SUPV NO
80101000243,Southwest,355,ARLINGTON AV&W JEFFERSON BL,6465416,1831840,1/1/2008,0:26:01,1/1/2008,0:27:22,1/1/2008,0:27:53,211X,I/P,3,3A74,,OCCSN,OFCR COMPLETED CALL SUPV NO
80101000245,Southwest,308,2216 TOBERMAN ST,6476485,1835160,1/1/2008,0:26:05,,,,,415G,GRP,0, ,,INF,INFORMATION
80101000248,West Valley,1089,15910 VENTURA BL,6416596,1879412,1/1/2008,0:26:15,1/1/2008,0:27:16,1/1/2008,0:49:52,242J,J/O,2,10A87,,RPTSN,REPORT SUPV NO
80101000249,Southwest,335,3RD AV&MONTCLAIR ST,6464695,1833329,1/1/2008,0:26:29,1/1/2008,1:10:19,1/1/2008,1:54:04,507P,PARTY,0,3A92,,GOASN,GONE ON ARRIVAL SUPV NO
80101000250,Devonshire,1714,11040 YOLANDA AV,6397780,1921519,1/1/2008,0:26:38,1/1/2008,0:29:23,1/1/2008,0:36:21,507P,PARTY,0,17A23,,OCCSN,OFCR COMPLETED CALL SUPV NO
80101000252,West Valley,1094,VANALDEN AV&ROSITA ST,6394464,1879599,1/1/2008,0:26:49,1/1/2008,0:41:24,1/1/2008,4:22:01,415F,FIGHT,0,10A73,,RPTSN,REPORT SUPV NO
80101000254,Central,156,SAN JULIAN ST&E 6TH ST,6487102,1838060,1/1/2008,0:27:01,1/1/2008,0:41:17,1/1/2008,0:43:06,242S,SUSP,2,1Z33,,GOASN,GONE ON ARRIVAL SUPV NO
80101000255,Pacific,1464,13020 PACIFIC PROMENADE,6433386,1812806,1/1/2008,0:27:08,1/1/2008,0:27:43,,,507R,RADIO,0,14A73,,ADVSN,ADVISED SUPV NO
80101000256,West Valley,1046,6101 RESEDA BL,6399533,1888598,1/1/2008,0:27:29,1/1/2008,0:41:19,1/1/2008,0:43:19,390M,MAN,0,10A73,,ADVSN,ADVISED SUPV NO
80101000257,Hollywood,696,649 N IRVING BL,6465132,1852588,1/1/2008,0:27:49,1/1/2008,0:32:48,1/1/2008,1:21:20,507F,FIREWORKS,0,6A97,,OCCSN,OFCR COMPLETED CALL SUPV NO
80101000258,Mission,1909,14054 CANDLEWOOD DR,6437280,1941617,1/1/2008,0:27:55,1/1/2008,0:32:49,1/1/2008,3:22:43,507R,RADIO,0,19A1,,WRNSN,WARNED SUPV NO
80101000259,Hollywood,646,COSMO ST&HOLLYWOOD BL,6462123,1859525,1/1/2008,0:27:52,1/1/2008,0:28:58,1/1/2008,0:29:28,415M8W,MAN ASSLTG WMN,3,6A45,,GOASN,GONE ON ARRIVAL SUPV NO
80101000260,Southeast,1832,436 W 107TH ST,6476346,1800352,1/1/2008,0:27:37,1/1/2008,0:29:14,1/1/2008,0:29:14,459X,I/P,3,18A41,,GOASN,GONE ON ARRIVAL SUPV NO
80101000261,Rampart,222,533 N COMMONWEALTH AV,6475160,1851691,1/1/2008,0:28:23,1/1/2008,0:30:38,1/1/2008,1:03:22,507P,PARTY,0,2X22,,OCCSN,OFCR COMPLETED CALL SUPV NO
80101000262,West Valley,1058,VICTORY BL&DE SOTO AV,6383713,1891447,1/1/2008,0:28:19,,,,,390MV,MAN IN VEH,0, ,,INF,INFORMATION
80101000264,Southwest,359,MLK/FIGUEROA,,,1/1/2008,0:28:57,1/1/2008,0:28:58,1/1/2008,0:28:58,6,CODE 6,0,3Q41,,CMP,COMPLETED
80101000265,Hollywood,636,6541 HOLLYWOOD BL,6461009,1859540,1/1/2008,0:29:12,1/1/2008,0:32:34,1/1/2008,0:59:15,507O,OTHER,0,6X32,,GOASN,GONE ON ARRIVAL SUPV NO
80101000266,Van Nuys,938,7309 WOODMAN AV,6431250,1896664,1/1/2008,0:29:21,1/1/2008,0:35:48,1/1/2008,1:04:38,246H,HEARD ONLY,0,9A12,,OCCSN,OFCR COMPLETED CALL SUPV NO
80101000267,Newton,1342,195 E 36TH ST,6479219,1828481,1/1/2008,0:29:32,1/1/2008,0:36:19,1/1/2008,0:44:47,415M,MAN,2,13A27,,GOASN,GONE ON ARRIVAL SUPV NO
80101000268,West LA,818,W SUNSET BL&VETERAN AV,6423725,1850299,1/1/2008,0:28:59,,,,,390MV,MAN IN VEH,0, ,,INF,INFORMATION
80101000269,N Hollywood,1592,12093 SUMMIT CIR,6440159,1868729,1/1/2008,0:29:46,1/1/2008,0:41:10,1/1/2008,1:17:45,507P,PARTY,0,15A85,,WRNSN,WARNED SUPV NO
80101000270,N Hollywood,1549,5230 CAHUENGA BL,6452333,1882785,1/1/2008,0:29:16,1/1/2008,0:39:54,1/1/2008,0:44:18,905C,CRUELTY,0,15A44,,OCCSN,OFCR COMPLETED CALL SUPV NO
80101000271,Hollywood,674,7166 MELROSE AV,6457042,1852923,1/1/2008,0:29:53,1/1/2008,0:36:26,1/1/2008,1:20:06,245PS,POSS SUSP,2,6X46,,GOASN,GONE ON ARRIVAL SUPV NO
80101000272,Mission,1998,8600 SYLMAR AV,6427683,1905139,1/1/2008,0:28:47,1/1/2008,0:32:54,1/1/2008,0:55:50,507F,FIREWORKS,0,19Q21,,GOASN,GONE ON ARRIVAL SUPV NO
80101000273,Wilshire,742,S SPAULDING AV&SAN VICENTE BL,6452612,1842977,1/1/2008,0:29:48,1/1/2008,1:07:08,,,507P,PARTY,0,7A7,,ADVSN,ADVISED SUPV NO
80101000274,West Valley,1011,STONEGATE DR&VALLEY CIRCLE BL,6364079,1898140,1/1/2008,0:30:00,1/1/2008,0:41:07,1/1/2008,1:47:27,921C,COMPLAINT,0,10A57,,OCCSN,OFCR COMPLETED CALL SUPV NO
80101000275,N Hollywood,1551,7124 ETHEL AV,6435264,1895437,1/1/2008,0:24:42,1/1/2008,0:37:09,1/1/2008,0:40:04,415M,MAN,2,15A3,,GOASN,GONE ON ARRIVAL SUPV NO
80101000276,N Hollywood,1581,4332 WHITSETT AV,6439088,1876914,1/1/2008,0:29:33,1/1/2008,0:33:11,,,246H,HEARD ONLY,0,15A24,,GOASN,GONE ON ARRIVAL SUPV NO
80101000278,Southeast,1862,11861 S MAIN ST,6478553,1795338,1/1/2008,0:30:25,1/1/2008,0:33:43,1/1/2008,0:34:37,904A,AMB,2,18A97,,ARRSN,
80101000279,Rampart,281,W PICO BL&S CATALINA ST,6472389,1839709,1/1/2008,0:30:29,1/1/2008,0:46:38,1/1/2008,2:03:34,415GF,GROUP FIGHT,0,2X35,,GOASN,GONE ON ARRIVAL SUPV NO
80101000281,Central,119,800 N ALAMEDA ST,6489775,1842959,1/1/2008,0:30:34,1/1/2008,0:31:51,1/1/2008,0:35:53,245A,AMB,2,1A1,,GOASN,GONE ON ARRIVAL SUPV NO
80101000283,Southwest,374,3840 HEPBURN AV,6463167,1828460,1/1/2008,0:30:53,1/1/2008,0:31:41,1/1/2008,0:35:45,2884X,ABUSE I/P,3,3A99,,RPTSN,REPORT SUPV NO
80101000284,West Valley,1004,21921 LANARK ST,6378821,1902135,1/1/2008,0:31:04,1/1/2008,0:33:38,1/1/2008,0:37:30,2881SN,MOLEST SUSP NOW,3,10A3,,RPTSN,REPORT SUPV NO
80101000286,Hollywood,632,HOLLYWOOD BL&QUEENS RD,6447496,1858800,1/1/2008,0:31:22,1/1/2008,0:32:21,1/1/2008,1:00:03,507P,PARTY,0,6A31,,WRNSN,WARNED SUPV NO
80101000287,Devonshire,1705,BALBOA BL&SESNON BL,6410143,1935717,1/1/2008,0:29:32,,,,,390MV,MAN IN VEH,0, ,,INF,INFORMATION
80101000288,Southeast,1841,S VERMONT AV&W 111TH ST,6473220,1798699,1/1/2008,0:31:27,1/1/2008,0:33:19,1/1/2008,0:34:13,245J,J/O,3,18SL26,,CMP,COMPLETED
80101000289,Rampart,233,135 S WESTMORELAND AV,6474461,1849017,1/1/2008,0:32:05,1/1/2008,0:41:06,1/1/2008,3:14:18,4152,GANG ACT,0,2G15,,GOASN,GONE ON ARRIVAL SUPV NO
80101000292,Rampart,214,W SUNSET BL&N RENO ST,6478776,1852838,1/1/2008,0:32:29,1/1/2008,0:46:30,,,507F,FIREWORKS,0,2X35,,GOASN,GONE ON ARRIVAL SUPV NO
80101000293,Harbor,521,2115 N GAFFEY ST,6472454,1736676,1/1/2008,0:32:48,1/1/2008,0:33:27,1/1/2008,0:42:34,906B1,CODE 30 RINGER,0,5A55,,FALSN,FALSE ALARM CODE 12 SUPV NO
80101000295,Van Nuys,951,ENCINO AV&VANOWEN ST,6406171,1893275,1/1/2008,0:33:06,1/1/2008,0:35:52,,,507F,FIREWORKS,0,9A12,,OCCSN,OFCR COMPLETED CALL SUPV NO
80101000296,Van Nuys,995,3704 WHITESPEAK DR,6421350,1872365,1/1/2008,0:33:16,1/1/2008,0:35:23,1/1/2008,0:47:52,907A2,AMB O/D,2,9A65,, , 
80101000297,Van Nuys,952,6710 WOODLEY AV,6415428,1892715,1/1/2008,0:33:14,1/1/2008,0:35:55,1/1/2008,0:51:42,507P,PARTY,0,9A12,,ADVSN,ADVISED SUPV NO
80101000298,Mission,1964,14926 MINNEHAHA,6423578,1917302,1/1/2008,0:33:30,1/1/2008,0:33:50,1/1/2008,3:09:05,507P,PARTY,0,19Q5,,OCCSN,OFCR COMPLETED CALL SUPV NO
80101000299,Harbor,565,891 W 9TH ST,6471502,1726446,1/1/2008,0:33:29,1/1/2008,0:34:01,1/1/2008,0:57:53,906B1,CODE 30 RINGER,0,5A55,,FALSN,FALSE ALARM CODE 12 SUPV NO
80101000300,Pacific,1441,WASHINGTON/PACIFIC,,,1/1/2008,0:33:41,1/1/2008,0:33:41,1/1/2008,0:33:41,6,CODE 6,0,14A11,,OCCSN,OFCR COMPLETED CALL SUPV NO
80101000301,Hollywood,678,5117 LEMON GROVE AV,6468432,1853928,1/1/2008,0:33:53,1/1/2008,0:34:51,1/1/2008,0:52:55,507R,RADIO,0,6A77,,ADVSN,ADVISED SUPV NO
80101000302,Newton,1362,5024 WALL ST,6479310,1821480,1/1/2008,0:32:25,1/1/2008,0:55:08,1/1/2008,1:30:13,507P,PARTY,0,13A93,,ADVSN,ADVISED SUPV NO
80101000304,77th Street,1218,W 53RD ST&S HOOVER ST,6474637,1820389,1/1/2008,0:34:25,1/1/2008,0:46:56,1/1/2008,0:52:18,246H,HEARD ONLY,0,12A45,,GOASN,GONE ON ARRIVAL SUPV NO
80101000305,Mission,1912,16079 YARNELL ST,6416730,1938643,1/1/2008,0:34:29,1/1/2008,0:34:39,1/1/2008,3:24:50,507R,RADIO,0,19Q21,,GOASN,GONE ON ARRIVAL SUPV NO
80101000306,Southwest,331,VINEYARD AV&FIELD AV,6456475,1832624,1/1/2008,0:32:31,1/1/2008,0:36:08,1/1/2008,0:38:46,246H,HEARD ONLY,0,3G31,,CMP,COMPLETED
80101000309,Wilshire,786,4057 W 23RD ST,6461594,1835723,1/1/2008,0:34:55,1/1/2008,0:43:30,1/1/2008,5:30:03,507P,PARTY,0,7A47,,OCCSN,OFCR COMPLETED CALL SUPV NO
80101000310,Mission,1961,DEVONSHIRE ST&WOODLEY AV,6415161,1916414,1/1/2008,0:35:02,,,,,390MV,MAN IN VEH,0, ,,INF,INFORMATION
80101000311,Hollenbeck,409,4209 GARDEN HOMES AV,6510621,1856943,1/1/2008,0:34:02,1/1/2008,0:58:53,1/1/2008,1:36:53,242A,AMB,2,4L50,,OCCSN,
80101000312,77th Street,1273,8851 CIMARRON ST,6465786,1806949,1/1/2008,0:35:10,1/1/2008,0:35:23,1/1/2008,1:28:23,507P,PARTY,0,12A73,,OCCSN,OFCR COMPLETED CALL SUPV NO
80101000313,Southeast,1826,E 92ND ST&COMPTON AV,6487068,1805469,1/1/2008,0:35:09,1/1/2008,0:36:35,1/1/2008,0:39:43,245A,AMB,3,18A35,,ADVSN,ADVISED SUPV NO
80101000315,West Valley,1016,7900 RESEDA BL,6399621,1900646,1/1/2008,0:35:29,1/1/2008,0:41:15,1/1/2008,3:33:52,507R,RADIO,0,10A57,,WRNSN,WARNED SUPV NO
80101000316,Hollywood,666,CAHUENGA & LA MIRADA,,,1/1/2008,0:35:55,1/1/2008,0:35:56,1/1/2008,0:35:56,6,CODE 6,0,34M56,,OCC,OFCR COMPLETED CALL
80101000317,Wilshire,708,S MANHATTAN PL&W 1ST ST,6467715,1849113,1/1/2008,0:35:55,1/1/2008,1:07:28,,,507P,PARTY,0,7A88,,GOASN,GONE ON ARRIVAL SUPV NO
80101000319,Hollenbeck,427,4668 HUNTINGTON DR S,6505931,1853507,1/1/2008,0:34:17,1/1/2008,1:10:06,1/1/2008,1:47:00,415JG,JUV GRP,0,4A15,,OCCSN,OFCR COMPLETED CALL SUPV NO
80101000320,Southwest,314,3730 W 27TH ST,6463057,1833865,1/1/2008,0:35:58,1/1/2008,0:37:21,1/1/2008,0:39:19,245DSL,DOM VIOL SUSP J/L,3,3A15,,RPTSN,REPORT SUPV NO
80101000322,Wilshire,739,759 S ARDMORE AV,6470176,1843824,1/1/2008,0:36:09,1/1/2008,1:01:53,1/1/2008,1:20:42,4151,PARTY,0,7A88,,GOASN,GONE ON ARRIVAL SUPV NO
80101000323,77th Street,1256,908 W 74TH ST,6473909,1812547,1/1/2008,0:36:08,1/1/2008,0:36:29,1/1/2008,0:46:07,507P,PARTY,0,12X34,,OCCSN,OFCR COMPLETED CALL SUPV NO
80101000325,Harbor,585,684 W 21ST ST,6472855,1722510,1/1/2008,0:37:00,1/1/2008,0:39:52,1/1/2008,1:37:14,507P,PARTY,0,5Z2,,WRNSN,WARNED SUPV NO
80101000328,Mission,1914,13000 BRADLEY AV,6422597,1934067,1/1/2008,0:37:03,1/1/2008,0:39:27,1/1/2008,1:05:26,507F,FIREWORKS,0,19A1,,ADVSN,ADVISED SUPV NO
80101000329,West Valley,1017,HEMMINGWAY ST&ZELZAH AV,6403523,1900270,1/1/2008,0:37:11,1/1/2008,0:41:28,,,507P,PARTY,0,10A73,,GOASN,GONE ON ARRIVAL SUPV NO
80101000331,Newton,1309,2426 E WASHINGTON BL,6492082,1829347,1/1/2008,0:37:36,1/1/2008,0:42:03,1/1/2008,0:48:29,484SN,SUSP NOW,2,13A9,,RPTSN,REPORT SUPV NO
80101000332,Hollywood,656,6037 ELEANOR AV,6463850,1855260,1/1/2008,0:37:49,1/1/2008,0:50:48,1/1/2008,1:02:11,507P,PARTY,0,6A77,,ADVSN,ADVISED SUPV NO
80101000333,Foothill,1671,13572 MONTAGUE ST,6432327,1908311,1/1/2008,0:37:58,1/1/2008,1:26:21,1/1/2008,2:09:49,507P,PARTY,0,16X72,,WRNSN,WARNED SUPV NO
80101000335,Harbor,557,835 W 4TH ST,6471882,1728093,1/1/2008,0:37:33,1/1/2008,0:40:02,1/1/2008,1:24:38,1101,NARCOTIC ACTIVITY,0,5A55,, , 
80101000336,Mission,1917,HERRICK AV&BEAVER ST,6427604,1931179,1/1/2008,0:38:13,1/1/2008,0:39:30,1/1/2008,0:46:23,507O,OTHER,0,19A1,,ADVSN,ADVISED SUPV NO
80101000337,West Valley,1008,7716 VANALDEN AV,6395652,1899502,1/1/2008,0:38:23,1/1/2008,0:41:31,1/1/2008,0:59:23,245FJ,SHOTS FIRED J/O,3,10A73,,RPT,REPORT
80101000339,Hollenbeck,421,333 S AVENUE 20,6495448,1847988,1/1/2008,0:38:27,1/1/2008,0:47:05,,,507P,PARTY,0, ,,INF,INFORMATION
80101000340,Wilshire,799,1214 DEWEY AV,6472087,1840276,1/1/2008,0:38:36,1/1/2008,0:43:38,1/1/2008,1:04:21,507P,PARTY,0,7A88,,GOASN,GONE ON ARRIVAL SUPV NO
80101000341,Rampart,257,522 S UNION AV,6480130,1843684,1/1/2008,0:38:38,1/1/2008,0:46:41,,,246H,HEARD ONLY,0,2X35,,OCCSN,OFCR COMPLETED CALL SUPV NO
80101000343,N Hollywood,1505,11532 ARMINTA ST,6445701,1900426,1/1/2008,0:38:43,1/1/2008,0:41:34,1/1/2008,0:52:24,906B1,CODE 30 RINGER,0,15A12,,FALSN,FALSE ALARM CODE 12 SUPV NO
80101000344,Southeast,1839,2330 SANTA ANA BL N,6491579,1798712,1/1/2008,0:38:44,1/1/2008,0:41:19,1/1/2008,0:47:25,242J,J/O,2,18A49,,RPTSN,REPORT SUPV NO
80101000345,West Valley,1016,LINDLEY AV&STRATHERN ST,6402244,1901281,1/1/2008,0:38:44,1/1/2008,0:42:59,1/1/2008,1:14:21,507P,PARTY,0,10X82,,OCCSN,OFCR COMPLETED CALL SUPV NO
80101000348,Van Nuys,965,OXNARD ST&HAZELTINE AV,6428598,1887965,1/1/2008,0:39:32,,,,,390MV,MAN IN VEH,0, ,,INF,INFORMATION
80101000350,Northeast,1173,1623 CHAMPLAIN TER,6485975,1855462,1/1/2008,0:39:20,1/1/2008,0:41:03,1/1/2008,1:17:04,507P,PARTY,0,11Q35,,OCCSN,OFCR COMPLETED CALL SUPV NO
80101000351,Hollywood,626,1945 HOLLY DR,6461833,1861217,1/1/2008,0:39:44,1/1/2008,0:42:14,1/1/2008,0:45:34,507P,PARTY,0,6A15,,GOASN,GONE ON ARRIVAL SUPV NO
80101000352,Newton,1325,1100 E ADAMS BL,6484410,1829285,1/1/2008,0:39:52,,,,,5031I,STOLEN INV,0, ,,RPT,REPORT
80101000354,Southeast,1802,9130 S FIGUEROA ST,6475956,1805574,1/1/2008,0:40:01,1/1/2008,0:40:57,1/1/2008,0:43:24,927AI,AMB INVEST,2,18A1,,RPTSN,REPORT SUPV NO
80101000355,West Valley,1038,18243 VANOWEN ST,6401218,1893379,1/1/2008,0:40:04,1/1/2008,0:43:01,,,507P,PARTY,0, ,,CCB,CANCELLED BY CALLBACK
80101000356,Wilshire,736,4017 COUNTRY CLUB DR,6464101,1841336,1/1/2008,0:40:10,1/1/2008,1:01:59,1/1/2008,1:53:34,507R,RADIO,0,7A88,,WRNSN,WARNED SUPV NO
80101000357,West Valley,1015,7251 MILWOOD AV,6381957,1896416,1/1/2008,0:39:59,1/1/2008,0:43:04,1/1/2008,0:49:28,507P,PARTY,0,10X82,,ADVSN,ADVISED SUPV NO
80101000358,Hollenbeck,429,5374 POPLAR BL,6511922,1855223,1/1/2008,0:38:31,1/1/2008,0:42:04,1/1/2008,0:45:39,900,UNKNOWN TROUBLE,3,4A15,,OCCSN,OFCR COMPLETED CALL SUPV NO
80101000361,N Hollywood,1522,7107 FULTON AV,6433885,1895261,1/1/2008,0:40:32,1/1/2008,0:41:30,1/1/2008,1:11:39,507P,PARTY,0,15A12,,ADVSN,ADVISED SUPV NO
80101000362,Northeast,1183,1414 LOGAN ST,6483709,1851092,1/1/2008,0:40:34,1/1/2008,0:41:14,1/1/2008,1:45:51,507R,RADIO,0,11Q35,,OCCSN,OFCR COMPLETED CALL SUPV NO
80101000363,Hollywood,672,7400 WARING AV,6455342,1853602,1/1/2008,0:40:44,1/1/2008,0:42:21,1/1/2008,1:17:18,507P,PARTY,0,6A71,,ADVSN,ADVISED SUPV NO
80101000364,77th Street,1265,1311 W 82ND ST,6471377,1809579,1/1/2008,0:40:47,1/1/2008,0:46:58,1/1/2008,0:54:36,246H,HEARD ONLY,0,12A45,,GOASN,GONE ON ARRIVAL SUPV NO
80101000365,West LA,828,1120 MANNING AV,6429616,1845116,1/1/2008,0:40:52,1/1/2008,0:50:02,1/1/2008,1:35:00,507P,PARTY,0,8A12,,WRNSN,WARNED SUPV NO
80101000366,Northeast,1117,4557 1/2 EAGLE ROCK BL,6495551,1868634,1/1/2008,0:41:05,1/1/2008,0:41:55,1/1/2008,0:43:52,245SN,SUSP NOW,3,11A17,,ADVSN,ADVISED SUPV NO
80101000367,77th Street,1268,155 E 84TH PL,6478984,1808656,1/1/2008,0:41:01,1/1/2008,0:44:45,1/1/2008,1:00:09,242D,DOM VIOL,2,12A66,,ADVSN,ADVISED SUPV NO
80101000368,Foothill,1657,11886 FOOTHILL BL,6442267,1922530,1/1/2008,0:41:03,1/1/2008,1:00:32,1/1/2008,1:23:32,246H,HEARD ONLY,0, ,,OCCSN,OFCR COMPLETED CALL SUPV NO
80101000369,Southwest,359,W MLK BL&S FIGUEROA ST,6475982,1826558,1/1/2008,0:41:33,1/1/2008,1:23:07,,,5101,CAR,0, ,,INF,INFORMATION
80101000370,Mission,1929,12391 MONTERO AV,6437914,1929994,1/1/2008,0:41:39,1/1/2008,1:01:38,1/1/2008,1:05:32,906B1,CODE 30 RINGER,0,19A7,,FALSN,FALSE ALARM CODE 12 SUPV NO
80101000371,Southwest,375,1619 W 38TH ST,6467935,1828864,1/1/2008,0:41:39,1/1/2008,1:23:21,1/1/2008,4:25:21,906B1,CODE 30 RINGER,0,12A69,, , 
80101000372,Hollywood,639,5322 RUSSELL AV,6469176,1860429,1/1/2008,0:41:46,1/1/2008,1:09:10,1/1/2008,1:11:31,507P,PARTY,0,6A77,,ADVSN,ADVISED SUPV NO
80101000373,Southeast,1802,S FIGUEROA ST&W MANCHESTER AV,6475940,1807977,1/1/2008,0:38:41,1/1/2008,0:58:01,1/1/2008,1:07:26,904A4,AMB H & R FEL,2,12T41,,GOASN,GONE ON ARRIVAL SUPV NO
80101000374,Northeast,1128,110 S AVENUE 63,6506389,1864166,1/1/2008,0:42:06,1/1/2008,0:44:35,1/1/2008,0:53:26,507P,PARTY,0,11Q42,,ADVSN,ADVISED SUPV NO
80101000375,Mission,1914,15445 COBALT ST,6420287,1935038,1/1/2008,0:42:20,1/1/2008,0:52:48,1/1/2008,2:23:44,507P,PARTY,0,19Q21,,GOASN,GONE ON ARRIVAL SUPV NO
80101000377,Central,174,752 S MAIN ST,6485242,1838219,1/1/2008,0:42:07,1/1/2008,1:18:02,1/1/2008,1:49:35,507P,PARTY,0,1Z57,,ADVSN,ADVISED SUPV NO
80101000378,Wilshire,702,8207 W 3RD ST,6450172,1848974,1/1/2008,0:42:23,1/1/2008,1:34:06,1/1/2008,3:00:29,507P,PARTY,0,7A55,,OCCSN,OFCR COMPLETED CALL SUPV NO
80101000380,Southeast,1822,132 E 95TH ST,6478826,1804347,1/1/2008,0:42:40,1/1/2008,1:07:04,1/1/2008,1:42:27,1101,NARCOTIC ACTIVITY,0,18X48,,GOASN,GONE ON ARRIVAL SUPV NO
80101000381,Foothill,1688,7330 VALMONT ST,6473379,1914317,1/1/2008,0:42:39,1/1/2008,1:10:50,1/1/2008,2:41:32,507R,RADIO,0,16X86,,OCCSN,OFCR COMPLETED CALL SUPV NO
80101000382,Hollywood,656,SANTA MNCA/EL CENTRO ,,,1/1/2008,0:42:51,1/1/2008,0:42:51,1/1/2008,0:42:51,6,CODE 6,0,34MQ172,,OCC,OFCR COMPLETED CALL
80101000383,Hollywood,699,4289 BEVERLY BL,6470158,1850302,1/1/2008,0:42:45,1/1/2008,0:47:12,1/1/2008,1:09:45,620B,BUSN,0,6A97,,OCCSN,OFCR COMPLETED CALL SUPV NO
80101000384,Newton,1342,180 E 35TH ST,6479281,1828757,1/1/2008,0:42:56,1/1/2008,1:05:59,1/1/2008,1:23:56,4151,PARTY,0,13A75,,GOASN,GONE ON ARRIVAL SUPV NO
80101000385,Northeast,1153,5111 FRANKLIN AV,6470582,1860894,1/1/2008,0:42:57,1/1/2008,0:44:48,1/1/2008,1:07:54,507P,PARTY,0,11Q33,,OCCSN,OFCR COMPLETED CALL SUPV NO
80101000386,Hollywood,698,4800 CLINTON ST,6468728,1852234,1/1/2008,0:42:52,1/1/2008,0:47:17,1/1/2008,0:55:33,415G,GRP,2,6A97,,OCCSN,OFCR COMPLETED CALL SUPV NO
80101000389,Hollenbeck,417,2500 LINCOLN PARK AV,6500282,1850087,1/1/2008,0:43:10,1/1/2008,1:02:42,,,507O,OTHER,0,4L50,,OTHSN,OTHER SUPV NO
80101000390,Hollenbeck,449,GANAHL ST&DUNDAS ST,6502623,1841224,1/1/2008,0:43:06,1/1/2008,1:06:39,1/1/2008,2:10:22,507P,PARTY,0,4.00E+06,,ADVSN,ADVISED SUPV NO
80101000391,Southwest,357,1185 W 37TH ST,6472568,1830166,1/1/2008,0:41:45,1/1/2008,0:45:11,1/1/2008,0:47:51,245AK,AMB CUTTING,3,3A1,,RPTSN,REPORT SUPV NO
80101000392,Hollywood,647,1545 N BRONSON AV,6465379,1858698,1/1/2008,0:43:20,1/1/2008,0:44:29,1/1/2008,0:47:54,415M8W,MAN ASSLTG WMN,3,6A45,,GOASN,GONE ON ARRIVAL SUPV NO
80101000393,West LA,808,9776 SUFFOLK DR,6431577,1869514,1/1/2008,0:43:15,,,,,390MV,MAN IN VEH,0, ,,INF,INFORMATION
80101000394,77th Street,1245,1130 W 69TH ST,6472423,1814136,1/1/2008,0:43:22,1/1/2008,0:47:01,1/1/2008,1:08:49,507P,PARTY,0,12A45,,ADVSN,ADVISED SUPV NO
80101000397,Hollywood,636,6751 HOLLYWOOD BL,6459510,1859536,1/1/2008,0:43:50,1/1/2008,0:47:41,1/1/2008,1:21:18,906B1,CODE 30 RINGER,0,6X32,,FALSN,FALSE ALARM CODE 12 SUPV NO
80101000398,N Hollywood,1596,11369 DONA LISA DR,6447231,1870366,1/1/2008,0:44:06,1/1/2008,0:47:02,1/1/2008,1:53:54,507P,PARTY,0,15A68,,ADVSN,ADVISED SUPV NO
80101000401,Wilshire,771,1921 THURMAN AV,6450989,1837467,1/1/2008,0:44:26,1/1/2008,0:46:03,1/1/2008,0:47:47,415GF,GROUP FIGHT,2,7A7,,GOASN,GONE ON ARRIVAL SUPV NO
80101000402,West LA,851,1444 CENTINELA AV,6420236,1836518,1/1/2008,0:44:38,1/1/2008,0:49:48,1/1/2008,1:18:21,245PS,POSS SUSP,2,8A53,,ADVSN,ADVISED SUPV NO
80101000404,West LA,823,831 HAVERFORD AV,6401469,1839447,1/1/2008,0:44:41,1/1/2008,0:49:22,1/1/2008,1:31:33,507P,PARTY,0,8A1,,OCCSN,OFCR COMPLETED CALL SUPV NO
80101000406,Hollenbeck,467,431 EUCLID AV,6499864,1835564,1/1/2008,0:45:14,1/1/2008,0:47:44,1/1/2008,1:26:06,507P,PARTY,0,4A71,,ADVSN,ADVISED SUPV NO
80101000407,Pacific,1435,3773 BARINGTON,6432179,1825546,1/1/2008,0:44:07,1/1/2008,0:47:48,1/1/2008,1:17:29,507P,PARTY,0,14A27,,WRNSN,WARNED SUPV NO
80101000408,Southwest,311,5427 CARLIN ST,6452012,1833731,1/1/2008,0:45:33,1/1/2008,0:48:53,1/1/2008,0:50:03,41524,GANG ACT SHOTS FIRED,3,3A34,, , 
80101000409,Pacific,1452,3620 PACIFIC AV,6421215,1814255,1/1/2008,0:45:38,1/1/2008,0:48:15,1/1/2008,1:08:09,507P,PARTY,0,14A49,,GOASN,GONE ON ARRIVAL SUPV NO
80101000410,Devonshire,1732,9937 DE SOTO AV,6383789,1914124,1/1/2008,0:44:42,1/1/2008,0:47:32,1/1/2008,0:58:28,904A,AMB,3,19T75,,RPTSN,REPORT SUPV NO
80101000412,Harbor,507,223RD W/O DENKER ,,,1/1/2008,0:46:11,1/1/2008,0:46:11,1/1/2008,0:46:11,6,CODE 6,0,5Z1,,CITSN,CITATION SUPV NO
80101000414,Southwest,315,2378 ARLINGTON AV,6465439,1835284,1/1/2008,0:42:58,1/1/2008,0:50:33,1/1/2008,0:53:54,907A2,AMB O/D,2,3A92,,GOASN,GONE ON ARRIVAL SUPV NO
80101000415,Southwest,375,1806 W 39TH PL,6466693,1827503,1/1/2008,0:46:34,1/1/2008,1:47:56,1/1/2008,1:49:01,507F,FIREWORKS,0,3L60,,GOA,GONE ON ARRIVAL
80101000416,Hollywood,615,3480 BARHAM BL,6458041,1871646,1/1/2008,0:46:34,1/1/2008,0:47:25,1/1/2008,0:53:16,459PS,POSS SUSP,0,6A15,,GOASN,GONE ON ARRIVAL SUPV NO
80101000417,Newton,1394,W 64TH ST&S MAIN ST,6478623,1815725,1/1/2008,0:46:34,1/1/2008,0:55:02,1/1/2008,3:15:43,507P,PARTY,0,13A93,,GOASN,GONE ON ARRIVAL SUPV NO
80101000418,Hollenbeck,453,1ST/STATE,6495802,1839391,1/1/2008,0:46:57,1/1/2008,0:47:24,1/1/2008,0:48:34,415GF,GROUP FIGHT,2,4A71,,GOASN,GONE ON ARRIVAL SUPV NO
80101000419,Northeast,1143,3803 SUNSET DR,6478014,1858164,1/1/2008,0:47:05,1/1/2008,0:51:35,1/1/2008,1:14:52,507P,PARTY,0,11Q34,,OCCSN,OFCR COMPLETED CALL SUPV NO
80101000421,Northeast,1126,5127 RANGE VIEW AV,6500098,1867423,1/1/2008,0:47:17,1/1/2008,0:48:16,1/1/2008,0:48:36,415F,FIGHT,2,11Q45,,OCCSN,OFCR COMPLETED CALL SUPV NO
80101000422,N Hollywood,1565,4300 IRVINE AV,6445028,1876409,1/1/2008,0:47:16,1/1/2008,0:58:13,1/1/2008,2:21:29,507P,PARTY,0,15A85,,GOASN,GONE ON ARRIVAL SUPV NO
80101000423,Southeast,1851,732 W 134TH ST,6474284,1789825,1/1/2008,0:47:30,1/1/2008,0:49:05,1/1/2008,0:54:15,242DS,DOM VIOL SUSP,3,18A28,,OCCSN,OFCR COMPLETED CALL SUPV NO
80101000424,Rampart,236,144 S BONNIE BRAE ST,6480470,1846143,1/1/2008,0:47:38,1/1/2008,0:49:36,1/1/2008,0:52:14,620D,DOM VIOL,3,2X35,,OCCSN,OFCR COMPLETED CALL SUPV NO
80101000425,Devonshire,1754,9301 TAMPA AV,6394340,1909878,1/1/2008,0:47:36,,,,,906B1,CODE 30 RINGER,0, ,,FAL,FALSE ALARM CODE 12
80101000426,Harbor,585,W 24TH ST&S GRAND AV,6473413,1721499,1/1/2008,0:47:40,1/1/2008,0:49:35,1/1/2008,1:47:30,4151,PARTY,0,5Z2,,ADVSN,ADVISED SUPV NO
80101000427,Mission,1918,14008 HUBBARD ST,6429414,1932062,1/1/2008,0:47:45,1/1/2008,0:48:36,1/1/2008,0:52:47,415F,FIGHT,2,19X6,,OCCSN,OFCR COMPLETED CALL SUPV NO
80101000428,Devonshire,1776,19240 NORDHOFF ST,6394685,1908521,1/1/2008,0:47:48,1/1/2008,0:54:39,1/1/2008,3:00:47,906B1,CODE 30 RINGER,0,17A55,, , 
80101000429,Northeast,1102,BRUNSWICK AV&CHEVY CHASE DR,6480256,1871043,1/1/2008,0:46:46,1/1/2008,0:49:23,1/1/2008,0:50:45,246H,HEARD ONLY,0,11Q44,,OCCSN,OFCR COMPLETED CALL SUPV NO
80101000431,Devonshire,1725,WILBUR AV&VANALDEN AV,6396710,1922238,1/1/2008,0:47:59,1/1/2008,0:56:29,1/1/2008,1:07:52,507P,PARTY,0,17A23,,OCCSN,OFCR COMPLETED CALL SUPV NO
80101000433,N Hollywood,1595,3931 BLUE CANYON DR,6445107,1873343,1/1/2008,0:48:38,1/1/2008,0:54:49,1/1/2008,2:02:27,507R,RADIO,0,15A68,,ADVSN,ADVISED SUPV NO
80101000434,Hollenbeck,489,2770 WYNGLEN LN,6495449,1832303,1/1/2008,0:46:57,1/1/2008,0:49:43,1/1/2008,0:51:50,245FX,SHOTS FIRED I/P,3,4A71,,OCCSN,
80101000435,Southwest,362,3710 NICOLET AV,6455720,1829645,1/1/2008,0:48:54,1/1/2008,1:10:21,1/1/2008,1:45:38,507R,RADIO,0,3A92,,WRNSN,WARNED SUPV NO
80101000437,Hollenbeck,459,3221 MALABAR ST,6502941,1838727,1/1/2008,0:49:11,1/1/2008,1:12:22,1/1/2008,2:23:51,507R,RADIO,0,4.00E+06,,ADVSN,ADVISED SUPV NO
80101000438,Harbor,558,N PALOS VERDES ST&W OFARRELL S,6476029,1730069,1/1/2008,0:49:02,1/1/2008,0:51:35,1/1/2008,1:08:00,447SN,SUSP NOW,2,5A62,,OCCSN,OFCR COMPLETED CALL SUPV NO
80101000439,Newton,1345,1129 E 41ST ST,6484129,1825862,1/1/2008,0:49:11,1/1/2008,0:50:12,1/1/2008,0:51:15,900,UNKNOWN TROUBLE,3,13A27,,OCCSN,OFCR COMPLETED CALL SUPV NO
80101000440,Central,101,903 NEW DEPOT ST,6487428,1846233,1/1/2008,0:49:12,1/1/2008,1:18:06,1/1/2008,3:18:50,507F,FIREWORKS,0,1Z57,,GOASN,GONE ON ARRIVAL SUPV NO
80101000441,Rampart,224,350 PARKMAN AV,6477573,1849827,1/1/2008,0:48:48,1/1/2008,0:57:45,1/1/2008,1:00:22,620D,DOM VIOL,2,2A51,,OCCSN,OFCR COMPLETED CALL SUPV NO
80101000442,77th Street,1235,1329 W 59TH ST,6471132,1817998,1/1/2008,0:49:22,1/1/2008,0:50:42,1/1/2008,1:06:43,507P,PARTY,0,12A45,,GOASN,GONE ON ARRIVAL SUPV NO
80101000443,Southwest,363,3839 VIRGINIA RD,6458788,1828651,1/1/2008,0:50:09,,,,,415GF,GROUP FIGHT,0, ,,CCB,CANCELLED BY CALLBACK
80101000444,Van Nuys,988,WOODMAN AV&MOORPARK ST,6431195,1877382,1/1/2008,0:50:32,1/1/2008,0:52:29,1/1/2008,0:58:30,415GF,GROUP FIGHT,2,9A65,,GOASN,GONE ON ARRIVAL SUPV NO
80101000447,Southwest,335,2ND AV&W 29TH PL,6465088,1832808,1/1/2008,0:50:37,1/1/2008,1:48:01,1/1/2008,8:50:57,507P,PARTY,0,3A15,,GOASN,GONE ON ARRIVAL SUPV NO
80101000448,Southwest,395,2025 1/2 W 41ST DR,6465936,1825837,1/1/2008,0:48:50,1/1/2008,0:54:15,1/1/2008,0:57:10,900,UNKNOWN TROUBLE,3,3A34,,OCCSN,OFCR COMPLETED CALL SUPV NO
80101000451,Devonshire,1781,EAGLE MOUNTAIN ST&EAGLE MOUNTA,6365117,1904989,1/1/2008,0:51:11,1/1/2008,0:52:00,1/1/2008,1:51:03,507P,PARTY,0,17A83,,GOASN,GONE ON ARRIVAL SUPV NO
80101000453,Devonshire,1714,11144 VIKING AV,6397665,1922099,1/1/2008,0:51:30,1/1/2008,0:53:04,1/1/2008,1:04:45,484H,CZN HLDG,3,17A55,,RPTSN,REPORT SUPV NO
80101000454,Hollenbeck,477,E 7TH ST&CAMULOS ST,6497633,1833288,1/1/2008,0:51:33,1/1/2008,1:03:37,1/1/2008,1:17:42,507P,PARTY,0,4A97,,GOASN,GONE ON ARRIVAL SUPV NO
80101000455,Mission,1961,SAN JOSE ST&WOODLEY AV,6415177,1917725,1/1/2008,0:51:33,1/1/2008,1:08:26,1/1/2008,1:19:18,9041,T/C,0,19X86,,OCCSN,OFCR COMPLETED CALL SUPV NO
80101000456,77th Street,1265,W 81ST ST&S NORMANDIE AV,6470620,1809963,1/1/2008,0:51:39,1/1/2008,0:58:14,1/1/2008,1:11:44,246H,HEARD ONLY,0,12X14,,OCCSN,OFCR COMPLETED CALL SUPV NO
80101000458,Mission,1902,14960 COBALT ST,6423200,1938086,1/1/2008,0:52:07,1/1/2008,0:52:51,1/1/2008,1:30:14,246H,HEARD ONLY,0,19Q21,,GOASN,GONE ON ARRIVAL SUPV NO
80101000459,Harbor,585,1900 S GRAND AV,6473439,1723139,1/1/2008,0:51:58,1/1/2008,0:55:33,1/1/2008,3:25:13,415G2,415 GROUP GANG ACT,0,5A55,,GOASN,GONE ON ARRIVAL SUPV NO
80101000460,N Hollywood,1528,6043 ENSIGN AV,6449369,1888177,1/1/2008,0:47:54,1/1/2008,0:57:41,1/1/2008,1:02:40,245PS,POSS SUSP,2,15X28,,ARRSN,ARREST SUPV NO
80101000461,Wilshire,738,814 S HOBART BL,6469210,1843416,1/1/2008,0:52:22,1/1/2008,1:35:55,1/1/2008,1:41:57,4151,PARTY,0,7A88,,WRNSN,WARNED SUPV NO
80101000463,Hollenbeck,429,NAVARRO ST&COPELAND PL,6511548,1854447,1/1/2008,0:52:31,1/1/2008,1:12:26,1/1/2008,1:49:55,507P,PARTY,0,4.00E+06,,ADVSN,ADVISED SUPV NO
80101000465,Foothill,1634,13553 WEIDNER ST,6432420,1920892,1/1/2008,0:52:41,1/1/2008,0:56:15,1/1/2008,0:57:03,245PX,POSS I/P,3,19A61,, , 
80101000466,Northeast,1118,138 N AVENUE 57,6503212,1862491,1/1/2008,0:52:48,1/1/2008,0:54:44,1/1/2008,1:04:29,507P,PARTY,0,11Q41,,OCCSN,OFCR COMPLETED CALL SUPV NO
80101000467,Northeast,1171,3733 W SUNSET BL,6477479,1855502,1/1/2008,0:52:48,1/1/2008,1:00:01,1/1/2008,1:05:40,906B1,CODE 30 RINGER,0,11Q31,,FALSN,FALSE ALARM CODE 12 SUPV NO
80101000468,Van Nuys,926,TYRONE AV&LANARK ST,6427661,1901825,1/1/2008,0:52:38,1/1/2008,0:56:38,1/1/2008,1:29:58,507P,PARTY,0,9X16,,ADVSN,ADVISED SUPV NO
80101000469,Newton,1352,4318 WALL ST,6479373,1824422,1/1/2008,0:53:15,1/1/2008,0:55:13,,,507R,RADIO,0,13A93,,ADVSN,ADVISED SUPV NO
80101000470,Newton,1307,E 7TH ST&TOWNE AV,6487404,1836868,1/1/2008,0:52:52,1/1/2008,0:55:37,1/1/2008,1:02:19,594SN,SUSP NOW,2,13A93,,GOASN,GONE ON ARRIVAL SUPV NO
80101000471,Pacific,1413,1239 ABBOT KINNEY BL,6419572,1819595,1/1/2008,0:51:12,1/1/2008,0:55:34,1/1/2008,0:56:22,459PSN,POSS SUSP NOW,2,14G30,,FALSN,
80101000472,Northeast,1115,TOWNSEND/COLORADO,,,1/1/2008,0:53:39,1/1/2008,0:53:39,1/1/2008,0:53:39,6,CODE 6,0,11A25,,ADVSN,ADVISED SUPV NO
80101000474,Southeast,1801,5755 W ADAMS,,,1/1/2008,0:53:50,1/1/2008,1:04:14,1/1/2008,1:29:09,211J,J/O,2,18A3,,RPTSN,REPORT SUPV NO
80101000475,Hollywood,636,6541 HOLLYWOOD BL,6461009,1859540,1/1/2008,0:54:02,1/1/2008,0:59:08,1/1/2008,0:59:08,415F,FIGHT,2,6FB2,,GOASN,GONE ON ARRIVAL SUPV NO
80101000477,West LA,896,3325 CASTLE HEIGHTS AV,6440453,1833919,1/1/2008,0:54:20,1/1/2008,0:54:45,1/1/2008,1:49:14,507P,PARTY,0,8A53,,ADVSN,ADVISED SUPV NO
80101000478,Northeast,1135,3926 SCANDIA WY,6492620,1865493,1/1/2008,0:54:25,1/1/2008,1:00:08,1/1/2008,1:05:56,415G,GRP,0,11Q46,,GOASN,GONE ON ARRIVAL SUPV NO
80101000479,Hollywood,656,ELEANOR AV&N EL CENTRO AV,6463433,1855239,1/1/2008,0:54:32,1/1/2008,0:55:22,1/1/2008,0:56:41,415F,FIGHT,2,6G2,,OCC,OFCR COMPLETED CALL
80101000480,Hollywood,656,6126 ELEANOR AV,6463339,1855218,1/1/2008,0:54:34,1/1/2008,0:55:47,,,415GF,GROUP FIGHT,2,6G2,,OCC,OFCR COMPLETED CALL
80101000481,Southeast,1822,W 95TH ST&S MAIN ST,6478606,1804362,1/1/2008,0:54:40,1/1/2008,1:07:07,1/1/2008,1:45:23,415G,GRP,0,18X48,,GOASN,GONE ON ARRIVAL SUPV NO
80101000483,West Valley,1028,COHASSET ST&GARDEN GROVE AV,6401571,1897931,1/1/2008,0:54:48,1/1/2008,0:56:24,1/1/2008,1:07:00,245PSN,POSS SUSP NOW,3,10A33,,OCCSN,
80101000484,N Hollywood,1565,MOORPARK ST&COLFAX AV,6444357,1877336,1/1/2008,0:56:13,1/1/2008,0:58:22,1/1/2008,2:16:48,507P,PARTY,0,15A85,,GOASN,GONE ON ARRIVAL SUPV NO
80101000486,Van Nuys,923,8164 LANGDON AV,6419744,1902430,1/1/2008,0:56:20,1/1/2008,0:57:32,1/1/2008,1:01:04,594SN,SUSP NOW,2,9X16,,OCCSN,OFCR COMPLETED CALL SUPV NO
80101000487,Hollenbeck,463,104 S CUMMINGS ST,6496549,1838962,1/1/2008,0:56:39,1/1/2008,1:14:12,1/1/2008,2:11:14,242D,DOM VIOL,2,11A95,,CCBSN,
80101000488,Hollenbeck,427,4812 HUNTINGTON DR S,6507309,1853488,1/1/2008,0:54:01,1/1/2008,0:59:50,1/1/2008,1:04:55,900,UNKNOWN TROUBLE,3,4A15,,OCCSN,OFCR COMPLETED CALL SUPV NO
80101000489,Hollywood,696,5100 MAPLEWOOD AV,6466721,1851731,1/1/2008,0:56:56,1/1/2008,1:00:56,1/1/2008,3:53:54,507F,FIREWORKS,0,6A79,,GOASN,GONE ON ARRIVAL SUPV NO
80101000491,West Valley,1078,4931 RUBIO AV,6412041,1881077,1/1/2008,0:57:07,1/1/2008,2:03:19,1/1/2008,3:38:35,5101,CAR,0,10A87,,GOASN,GONE ON ARRIVAL SUPV NO
80101000493,N Hollywood,1565,4546 RADFORD AV,6443057,1878309,1/1/2008,0:57:14,1/1/2008,0:58:28,1/1/2008,1:52:22,459PS,POSS SUSP,0,15A85,,GOASN,GONE ON ARRIVAL SUPV NO
80101000494,Newton,1352,4443 TOWNE AV,6480527,1823543,1/1/2008,0:55:58,1/1/2008,1:05:44,1/1/2008,1:18:27,246H,HEARD ONLY,0,13A75,,GOASN,GONE ON ARRIVAL SUPV NO
80101000495,Foothill,1687,COMMERCE AV&APPERSON ST,6474456,1915640,1/1/2008,0:57:32,1/1/2008,1:04:49,1/1/2008,2:38:30,246H,HEARD ONLY,0,16X86,,OCCSN,OFCR COMPLETED CALL SUPV NO
80101000496,West Valley,1096,LINDLEY AV&BORIS DR,6401671,1879027,1/1/2008,0:57:35,1/1/2008,1:15:45,1/1/2008,3:51:20,507F,FIREWORKS,0,10A57,,GOASN,GONE ON ARRIVAL SUPV NO
80101000498,Northeast,1158,3586 SHURTLEFF CT,6496847,1855269,1/1/2008,0:57:41,1/1/2008,1:11:19,1/1/2008,1:23:23,507R,RADIO,0,11Q43,,OCCSN,OFCR COMPLETED CALL SUPV NO
80101000500,Rampart,242,3319 WILSHIRE BL,6472335,1845017,1/1/2008,0:57:53,1/1/2008,1:08:49,1/1/2008,1:17:41,415GF,GROUP FIGHT,2,2X82,,GOASN,
80101000502,Hollenbeck,467,2431 E 4TH ST,6497637,1837185,1/1/2008,0:58:23,1/1/2008,1:14:59,1/1/2008,1:20:38,620D,DOM VIOL,2,4A71,,ADVSN,ADVISED SUPV NO
80101000503,Southeast,1837,1757 E 109TH ST,6488505,1799599,1/1/2008,0:58:24,1/1/2008,0:59:22,1/1/2008,1:09:29,246I,INVEST,2,18A35,,RPTSN,REPORT SUPV NO
80101000504,West LA,849,1206 S HOLT AV,6447057,1842587,1/1/2008,0:58:40,1/1/2008,1:17:06,1/1/2008,3:38:19,507P,PARTY,0,8A53,,ADVSN,ADVISED SUPV NO
80101000505,Hollywood,646,1605 N IVAR AV,6462302,1858899,1/1/2008,0:58:50,1/1/2008,1:02:34,1/1/2008,1:22:04,242S,SUSP,2,6A79,,OCCSN,OFCR COMPLETED CALL SUPV NO
80101000506,Foothill,1688,PINEWOOD AV&APPERSON ST,6475270,1915636,1/1/2008,0:59:01,1/1/2008,1:04:55,1/1/2008,2:39:14,246H,HEARD ONLY,0,16X86,,OCCSN,OFCR COMPLETED CALL SUPV NO
80101000509,Newton,1373,E 53RD ST&AVALON BL,6481283,1820359,1/1/2008,0:59:53,,,,,390MV,MAN IN VEH,0, ,,INF,INFORMATION
80101000512,Van Nuys,958,HAZELTINE AV&FRIAR ST,6428607,1890244,1/1/2008,1:00:25,1/1/2008,1:02:34,1/1/2008,7:41:24,507R,RADIO,0,9A45,,GOASN,GONE ON ARRIVAL SUPV NO
80101000513,West Valley,1029,SATICOY ST&WINNETKA AV,6389027,1898695,1/1/2008,1:00:40,,,,,390MV,MAN IN VEH,0, ,,INF,INFORMATION
80101000516,Mission,1998,8712 STANSBURY AV,6427527,1905863,1/1/2008,1:00:40,1/1/2008,1:01:17,,,507P,PARTY,0, ,,INF,INFORMATION
80101000517,N Hollywood,1548,5247 1/2 WILLOWCREST AV,6452112,1882895,1/1/2008,1:01:02,1/1/2008,1:02:12,1/1/2008,1:09:08,242D,DOM VIOL,2,15A39,,QNRSN,QUESTIONED & RELEASED SUPV NO
80101000518,Central,154,501 S LOS ANGELES ST,6486646,1839237,1/1/2008,0:59:21,,,,,507R,RADIO,0, ,,CCB,CANCELLED BY CALLBACK
80101000519,Van Nuys,956,6724 HAZELTINE AV,6428635,1892821,1/1/2008,1:00:49,1/1/2008,1:02:36,1/1/2008,7:39:14,507P,PARTY,0,9A45,,GOASN,GONE ON ARRIVAL SUPV NO
80101000520,Hollywood,631,9380 SIERRA MAR DR,6442119,1857183,1/1/2008,1:01:22,1/1/2008,1:09:22,1/1/2008,3:42:34,9212,TRESPASS SUSP,0,6A77,, , 
80101000522,N Hollywood,1534,OXNARD ST&BELLAIRE AV,6437851,1887929,1/1/2008,1:01:33,1/1/2008,1:03:52,1/1/2008,1:25:14,507P,PARTY,0,15A12,,OCCSN,OFCR COMPLETED CALL SUPV NO
80101000523,Devonshire,1786,19652 SCHOENBORN ST,6391803,1903304,1/1/2008,1:01:40,1/1/2008,1:35:39,1/1/2008,2:27:52,390G,GRP,0,17A83,,GOASN,GONE ON ARRIVAL SUPV NO
80101000530,Southwest,333,3445 VIRGINIA RD,6458786,1831469,1/1/2008,1:02:05,1/1/2008,1:22:50,,,507P,PARTY,0, ,,INF,INFORMATION
80101000531,Foothill,1689,ZITTO LN&OLCOTT ST,6478817,1913291,1/1/2008,1:00:56,1/1/2008,1:10:41,1/1/2008,3:26:06,507R,RADIO,0,16X86,,GOASN,GONE ON ARRIVAL SUPV NO
80101000533,Mission,1996,8834 WILLIS AV,6424069,1906632,1/1/2008,1:02:18,1/1/2008,1:03:58,1/1/2008,1:15:18,242D,DOM VIOL,2,19A61,,GOASN,GONE ON ARRIVAL SUPV NO
80101000534,Rampart,234,147 N DILLON ST,6476050,1849061,1/1/2008,1:01:54,1/1/2008,1:09:40,1/1/2008,1:20:05,211GJ,GTA J/O,2,2X35,,OCCSN,OFCR COMPLETED CALL SUPV NO
80101000535,N Hollywood,1526,6116 RADFORD AV,6443098,1888687,1/1/2008,1:02:32,1/1/2008,1:03:40,1/1/2008,2:14:58,507R,RADIO,0,15A12,,OCCSN,OFCR COMPLETED CALL SUPV NO
80101000536,Foothill,1685,8724 FOOTHILL BL,6464143,1917119,1/1/2008,1:01:33,1/1/2008,1:11:09,1/1/2008,1:15:39,484SN,SUSP NOW,2,16X86,,OCCSN,OFCR COMPLETED CALL SUPV NO
80101000539,Pacific,1468,4873 MARIONWOOD DR,6437281,1820376,1/1/2008,1:03:03,1/1/2008,1:09:38,1/1/2008,2:10:58,507P,PARTY,0,14A27,, , 
80101000540,Hollenbeck,448,1308 DE VENE LN,6502168,1843226,1/1/2008,1:01:56,1/1/2008,1:05:25,1/1/2008,1:22:54,245S,SUSP,2,4L120,,GOASN,
80101000541,Hollenbeck,467,S SOTO ST&E 3RD ST,6497681,1837530,1/1/2008,1:03:24,1/1/2008,1:04:38,,,246H,HEARD ONLY,0,4A97,,OCCSN,OFCR COMPLETED CALL SUPV NO
80101000542,Van Nuys,979,13202 CHANDLER BL,6434461,1883913,1/1/2008,1:03:22,1/1/2008,1:07:10,1/1/2008,1:09:43,507P,PARTY,0,9A65,,WRNSN,WARNED SUPV NO
80101000543,Harbor,522,606 BAYVIEW AV,6479621,1741310,1/1/2008,1:03:26,1/1/2008,1:04:44,1/1/2008,1:08:47,245SN,SUSP NOW,3,5A25,,GOASN,GONE ON ARRIVAL SUPV NO
80101000545,Mission,1964,14700 KINGSBURY ST,6424958,1918580,1/1/2008,1:03:50,1/1/2008,1:31:05,1/1/2008,2:51:33,507P,PARTY,0,19Q5,,OCCSN,OFCR COMPLETED CALL SUPV NO
80101000546,N Hollywood,1514,6908 RADFORD,6443120,1893945,1/1/2008,1:03:53,1/1/2008,1:06:35,1/1/2008,2:15:13,507P,PARTY,0,15A12,,OCCSN,OFCR COMPLETED CALL SUPV NO
80101000547,Newton,1354,162 3/4 E MLK BL,6479230,1826530,1/1/2008,1:04:15,1/1/2008,1:06:03,1/1/2008,1:20:38,507R,RADIO,0,13A75,,GOASN,GONE ON ARRIVAL SUPV NO
80101000548,77th Street,1259,637 E 79TH ST,6481518,1810663,1/1/2008,1:02:33,1/1/2008,1:12:06,1/1/2008,3:00:26,246DI,INHAB DWELL INVEST,0,12A69,,OCCSN,OFCR COMPLETED CALL SUPV NO
80101000549,Southeast,1863,11607 AVALON BL,6481206,1796670,1/1/2008,1:03:06,1/1/2008,1:07:00,1/1/2008,1:12:10,245A,AMB,2,18A63,,OCCSN,OFCR COMPLETED CALL SUPV NO
80101000550,77th Street,1269,419 E 84TH PL,6480679,1808661,1/1/2008,1:04:45,1/1/2008,1:12:02,1/1/2008,2:56:20,507F,FIREWORKS,0,12A69,,OCCSN,OFCR COMPLETED CALL SUPV NO
80101000551,Mission,1907,13111 HAGAR,6435153,1932145,1/1/2008,1:04:58,1/1/2008,1:10:56,1/1/2008,2:52:43,507P,PARTY,0,19Q21,,GOASN,GONE ON ARRIVAL SUPV NO
80101000552,Northeast,1171,HYPERION AV&W SUNSET BL,6477002,1855865,1/1/2008,1:05:59,,,,,100,OTHER,0, ,,INF,INFORMATION
80101000553,West LA,889,1929 CORNING ST,6446593,1838083,1/1/2008,1:05:53,1/1/2008,1:17:02,1/1/2008,3:31:18,507P,PARTY,0,8A53,,ADVSN,ADVISED SUPV NO
80101000559,Newton,1313,922 E 20TH ST,6484127,1831842,1/1/2008,1:06:33,1/1/2008,1:16:47,1/1/2008,1:20:58,507R,RADIO,0,13Z1,,GOASN,GONE ON ARRIVAL SUPV NO
80101000560,Foothill,1668,8237 GROVE ST,6467234,1920888,1/1/2008,1:07:09,1/1/2008,1:10:38,1/1/2008,2:47:41,507P,PARTY,0,16X86,,GOASN,GONE ON ARRIVAL SUPV NO
80101000561,Hollenbeck,478,3448 SISKIYOU ST,6500927,1831959,1/1/2008,1:07:17,1/1/2008,1:12:58,1/1/2008,1:57:05,507P,PARTY,0,4A71,, , 
80101000564,Foothill,1646,10566 CAYUGA AV,6433356,1917791,1/1/2008,1:07:28,1/1/2008,1:08:49,1/1/2008,3:03:42,242A,AMB,2,15A13,,GOASN,GONE ON ARRIVAL SUPV NO
80101000565,Rampart,264,S CARONDELET ST&W 8TH ST,6476231,1843164,1/1/2008,1:07:32,1/1/2008,2:10:19,1/1/2008,2:21:16,9045,H & R MISD,0,1A1,,GOASN,GONE ON ARRIVAL SUPV NO
80101000567,Van Nuys,974,4660 KESTER AV,6423304,1879287,1/1/2008,1:07:30,1/1/2008,1:08:12,1/1/2008,1:49:51,507R,RADIO,0,9A65,,OCCSN,OFCR COMPLETED CALL SUPV NO
80101000568,N Hollywood,1543,5240 WHITSETT AV,6439112,1882914,1/1/2008,1:07:46,1/1/2008,1:41:40,1/1/2008,1:55:44,507P,PARTY,0,15A24,,ADVSN,ADVISED SUPV NO
80101000569,Central,164,610 S MAIN ST,6485893,1838839,1/1/2008,1:05:18,1/1/2008,2:02:00,1/1/2008,2:09:16,4151,PARTY,0,1A41,,ADVSN,ADVISED SUPV NO
80101000571,Rampart,214,2529 BELLEVUE AV,6479312,1849871,1/1/2008,1:07:58,1/1/2008,1:11:55,1/1/2008,1:23:23,507P,PARTY,0,2X66,,ADVSN,
80101000573,West Valley,1024,7314 LOMA VERDE AV,6383416,1896837,1/1/2008,1:08:14,1/1/2008,1:24:41,1/1/2008,8:14:39,507P,PARTY,0,10A57,,GOASN,
80101000575,Newton,1333,800 E 31ST ST,6482325,1828687,1/1/2008,1:08:17,1/1/2008,1:17:11,1/1/2008,1:17:17,246H,HEARD ONLY,0,R34,,OCC,OFCR COMPLETED CALL
80101000578,Northeast,1184,1515 SARGENT PL,6484989,1851270,1/1/2008,1:08:11,1/1/2008,1:09:56,1/1/2008,1:17:45,390MV,MAN IN VEH,0,11A95,,ADVSN,ADVISED SUPV NO
80101000579,Mission,1927,14000 FOOTHILL BL,6429245,1936850,1/1/2008,1:08:37,1/1/2008,1:11:08,1/1/2008,1:15:59,507R,RADIO,0,19X6,,ADVSN,ADVISED SUPV NO
80101000580,Hollywood,657,5407 SIERRA VISTA AV,6468012,1855141,1/1/2008,1:06:52,1/1/2008,1:11:34,1/1/2008,1:15:51,620DR,DOM VIOL R/O,3,6A15,,OCCSN,OFCR COMPLETED CALL SUPV NO
80101000582,Southeast,1806,710 E 90TH ST,6481995,1805981,1/1/2008,1:09:00,1/1/2008,1:18:14,1/1/2008,2:14:20,507P,PARTY,0,18A17,,ADVSN,ADVISED SUPV NO
80101000584,Foothill,1675,12439 JEROME ST,6439562,1907993,1/1/2008,1:09:54,1/1/2008,1:12:58,1/1/2008,1:18:11,904A,AMB,3,16A89,,OCCSN,OFCR COMPLETED CALL SUPV NO
80101000585,Mission,1953,10573 LEV AV,6426768,1918261,1/1/2008,1:09:51,1/1/2008,1:13:53,1/1/2008,1:22:41,620D,DOM VIOL,2,19A7,,ADVSN,ADVISED SUPV NO
80101000586,Southwest,334,2901 10TH AV,6462190,1833328,1/1/2008,1:09:58,1/1/2008,1:10:49,1/1/2008,1:11:33,245AF,AMB SHOTS FIRED,3,3G31,,CMP,COMPLETED
80101000587,Central,182,1001 S HOPE ST,6482363,1838392,1/1/2008,1:09:57,1/1/2008,1:14:06,1/1/2008,1:18:41,246H,HEARD ONLY,0,1L120,,OCCSN,
80101000588,Wilshire,774,4553 W 17TH ST,6459565,1838499,1/1/2008,1:10:14,,,,,100,OTHER,0, ,,RPT,REPORT
80101000590,Newton,1347,3310 COMPTON AV,6486254,1826844,1/1/2008,1:09:04,1/1/2008,1:12:33,1/1/2008,1:19:22,242S,SUSP,2,13A27,,GOASN,GONE ON ARRIVAL SUPV NO
80101000592,Wilshire,741,1159 S FAIRFAX AV,6450913,1842378,1/1/2008,1:10:44,1/1/2008,1:12:41,1/1/2008,1:17:09,459PSN,POSS SUSP NOW,2,7A7,,ADVSN,ADVISED SUPV NO
80101000593,Northeast,1129,141 SAN PASCUAL AV,6507621,1863922,1/1/2008,1:10:46,1/1/2008,1:11:26,1/1/2008,1:12:49,507P,PARTY,0,11Q43,,ADVSN,ADVISED SUPV NO
80101000595,Southeast,1821,W 101ST ST&BARING CROSS ST,6473908,1802343,1/1/2008,1:10:56,1/1/2008,1:15:58,1/1/2008,2:45:08,246H,HEARD ONLY,0,18A17,,GOASN,GONE ON ARRIVAL SUPV NO
80101000597,N Hollywood,1518,7525 VINELAND AV,6449685,1897955,1/1/2008,1:11:14,1/1/2008,1:12:42,1/1/2008,1:16:11,245SN,SUSP NOW,3,15A44,,ARRSN,ARREST SUPV NO
80101000599,Van Nuys,976,HUSTON ST&HAZELTINE AV,6428569,1880690,1/1/2008,1:11:20,1/1/2008,1:13:49,1/1/2008,1:14:09,4591SL,BFMV SUSPECT J/L,2,9Z2,,OCCSN,
80101000600,N Hollywood,1592,LAUREL CYN BL&VENTURA BL,6442065,1874867,1/1/2008,1:11:33,,,,,5101,CAR,0, ,,INF,INFORMATION
80101000601,Harbor,507,1536 W 223RD ST,6469105,1758644,1/1/2008,1:11:41,1/1/2008,1:12:32,1/1/2008,4:21:52,507P,PARTY,0,5Z1,,OCCSN,OFCR COMPLETED CALL SUPV NO
80101000602,Newton,1373,E 53RD ST&AVALON BL,6481283,1820359,1/1/2008,1:11:54,1/1/2008,2:14:46,1/1/2008,2:25:25,9041,T/C,0,13A9,,OCCSN,OFCR COMPLETED CALL SUPV NO
80101000603,Southwest,334,10TH AV&MONTCLAIR ST,6462210,1833338,1/1/2008,1:12:38,1/1/2008,1:13:41,1/1/2008,1:14:13,246X,I/P,3,3G31,,CMP,COMPLETED
80101000604,Southeast,1831,820 W 125TH ST,6473793,1793033,1/1/2008,1:12:46,1/1/2008,1:17:54,,,906B1,CODE 30 RINGER,0,18A41,,FALSN,FALSE ALARM CODE 12 SUPV NO
80101000605,Southwest,334,10TH AV&MONTCLAIR ST,6462210,1833338,1/1/2008,1:09:22,1/1/2008,1:14:57,,,245AK,AMB CUTTING,3,3G50,,CMP,COMPLETED
80101000607,Rampart,233,S VERMONT AV&W 3RD ST,6473340,1847642,1/1/2008,1:13:12,,,,,390MV,MAN IN VEH,0, ,,INF,INFORMATION
80101000608,West Valley,1051,VICTORY BL&VALLEY CIRCLE BL,6363317,1890233,1/1/2008,1:13:20,1/1/2008,1:30:03,1/1/2008,2:55:50,507P,PARTY,0,10A51,,ADVSN,ADVISED SUPV NO
80101000610,West Valley,1027,7528 AMIGO AV,6398950,1898189,1/1/2008,1:13:37,1/1/2008,1:30:07,1/1/2008,1:47:21,507P,PARTY,0,10A67,,ADVSN,ADVISED SUPV NO
80101000611,Van Nuys,941,16616 HAYNES ST,6411874,1891622,1/1/2008,1:13:41,1/1/2008,1:14:29,,,507P,PARTY,0, ,,CCB,CANCELLED BY CALLBACK
80101000612,Van Nuys,944,15600 VANOWEN ST,6418654,1893274,1/1/2008,1:13:56,1/1/2008,1:14:33,1/1/2008,1:20:26,507P,PARTY,0,9A49,,ADVSN,ADVISED SUPV NO
80101000614,Southwest,398,553 W 41ST DR,6475738,1825705,1/1/2008,1:14:49,1/1/2008,1:24:21,1/1/2008,1:34:48,459SN,SUSP NOW,2,3A19,,GOASN,GONE ON ARRIVAL SUPV NO
80101000617,Newton,1363,AVALON BL&E 49TH ST,6481278,1821989,1/1/2008,1:15:18,1/1/2008,1:26:48,1/1/2008,1:30:48,904A,AMB,2,13A93,, , 
80101000620,Harbor,551,1238 W 2ND ST,6469568,1728807,1/1/2008,1:15:37,1/1/2008,1:16:19,1/1/2008,2:11:26,242D,DOM VIOL,2,5A55,,RPTSN,REPORT SUPV NO
80101000622,Hollywood,622,MOUNT OLYMPUS DR&OCEANUS DR,6449903,1863451,1/1/2008,1:16:00,1/1/2008,1:18:27,1/1/2008,1:31:29,507P,PARTY,0,6A31,,WRNSN,WARNED SUPV NO
80101000623,West LA,824,568 CHAUTAUQUA BL,6404681,1836789,1/1/2008,1:16:07,1/1/2008,1:16:59,1/1/2008,1:19:07,921SN,SUSP NOW,2,8A1,,GOASN,GONE ON ARRIVAL SUPV NO
80101000624,Hollenbeck,409,4307 LOWELL AV,6512464,1856614,1/1/2008,1:16:14,1/1/2008,1:36:38,1/1/2008,3:32:19,594SN,SUSP NOW,2,4A71,,GOASN,GONE ON ARRIVAL SUPV NO
80101000625,Northeast,1134,2855 W AVENUE 35,6490178,1864770,1/1/2008,1:16:27,1/1/2008,1:18:45,,,507R,RADIO,0,11G33,,INF,INFORMATION
80101000629,77th Street,1257,865 W 77TH ST,6474192,1811528,1/1/2008,1:16:59,1/1/2008,1:19:04,1/1/2008,1:30:44,507R,RADIO,0,12A45,,ADVSN,ADVISED SUPV NO
80101000630,N Hollywood,1563,11160 LEMAY ST,6448545,1892110,1/1/2008,1:17:04,1/1/2008,1:24:41,1/1/2008,1:33:46,242PSN,POSS SUSP NOW,2,15A12,,OCCSN,OFCR COMPLETED CALL SUPV NO
80101000631,Pacific,1436,SAWTELLE BL&REGENT ST,6433978,1827562,1/1/2008,1:17:12,1/1/2008,1:35:08,1/1/2008,1:45:22,507P,PARTY,0,14A49,,WRNSN,WARNED SUPV NO
80101000633,Foothill,1655,13089 CARL ST,6435588,1919607,1/1/2008,1:17:05,1/1/2008,1:26:41,1/1/2008,1:29:39,242D,DOM VIOL,2,16X72,,OCCSN,OFCR COMPLETED CALL SUPV NO
80101000635,Mission,1931,BALBOA BL&RINALDI ST,6409975,1924397,1/1/2008,1:18:16,,,,,390MV,MAN IN VEH,0, ,,INF,INFORMATION
80101000637,Harbor,521,1111 SANDWOOD PL,6470250,1737215,1/1/2008,1:18:38,1/1/2008,1:52:29,1/1/2008,2:23:09,507P,PARTY,0,5Z2,,WRNSN,WARNED SUPV NO
80101000638,Southeast,1862,214 W 120TH ST,6477808,1794722,1/1/2008,1:18:36,1/1/2008,1:20:38,1/1/2008,1:28:18,921SN,SUSP NOW,2,18A63,,RPTSN,REPORT SUPV NO
80101000639,Newton,1362,E 51ST ST&AVALON BL,6481282,1821246,1/1/2008,1:18:50,1/1/2008,1:19:43,1/1/2008,1:24:52,242D,DOM VIOL,2,13A75,,GOASN,
80101000640,West LA,817,922 GAYLEY AV,6425903,1845667,1/1/2008,1:19:03,1/1/2008,1:20:09,1/1/2008,1:20:09,390G,GRP,2,8A36,,OCCSN,OFCR COMPLETED CALL SUPV NO
80101000641,Rampart,236,249 N BONNIE BRAE ST,6480880,1847091,1/1/2008,1:18:53,1/1/2008,1:31:35,1/1/2008,1:51:55,242D,DOM VIOL,2,2A21,,OCCSN,OFCR COMPLETED CALL SUPV NO
80101000642,N Hollywood,1527,6429 TUJUNGA AV,6447027,1890739,1/1/2008,1:19:12,1/1/2008,2:11:44,1/1/2008,7:23:05,620N,NEIGHBOR,0,15A13,,ADVSN,ADVISED SUPV NO
80101000643,Mission,1964,14930 MINNEHAHA ST,6423551,1917303,1/1/2008,1:18:52,1/1/2008,1:20:12,1/1/2008,1:24:48,415M8W,MAN ASSLTG WMN,3,19A61,,OCCSN,OFCR COMPLETED CALL SUPV NO
80101000644,Wilshire,782,5214 W 21ST ST,6454076,1836930,1/1/2008,1:19:03,1/1/2008,1:37:17,1/1/2008,1:47:40,507R,RADIO,0,7Z8,,GOASN,GONE ON ARRIVAL SUPV NO
80101000645,Southeast,1829,2259 E 99TH PL,6491392,1803267,1/1/2008,1:19:47,1/1/2008,1:21:16,1/1/2008,1:23:42,620DR,DOM VIOL R/O,3,18A17,,OCCSN,OFCR COMPLETED CALL SUPV NO
80101000646,Wilshire,741,1153 S FAIRFAX AV,6450933,1842430,1/1/2008,1:17:15,1/1/2008,1:21:31,1/1/2008,1:21:31,415F,FIGHT,2,7Z8,,OCCSN,OFCR COMPLETED CALL SUPV NO
80101000647,Central,174,752 S MAIN ST,6485242,1838219,1/1/2008,1:20:03,1/1/2008,1:22:05,,,507P,PARTY,0,1Z57,,ADVSN,ADVISED SUPV NO
80101000648,Pacific,1468,11820 ALLIN,,,1/1/2008,1:20:07,1/1/2008,1:20:07,1/1/2008,1:20:07,6,CODE 6,0,14G42,,QNRSN,QUESTIONED & RELEASED SUPV NO
80101000649,Devonshire,1701,20266 VIA MEDICI,6387951,1929857,1/1/2008,1:20:19,1/1/2008,1:21:53,1/1/2008,1:39:31,906B1,CODE 30 RINGER,0,17A27,,FALSN,FALSE ALARM CODE 12 SUPV NO
80101000650,Van Nuys,926,7799 PEACHTREE AV,6430398,1899866,1/1/2008,1:20:26,1/1/2008,1:48:59,,,507P,PARTY,0, ,,INF,INFORMATION
80101000651,77th Street,1259,938 E 74TH ST,6483395,1812640,1/1/2008,1:20:39,1/1/2008,1:46:11,1/1/2008,1:49:27,507P,PARTY,0,12A45,,GOASN,GONE ON ARRIVAL SUPV NO
80101000652,Southwest,357,3710 S NORMANDIE AV,6470723,1830021,1/1/2008,1:20:55,1/1/2008,1:35:45,1/1/2008,1:42:50,242D,DOM VIOL,2,3A34,,OCCSN,OFCR COMPLETED CALL SUPV NO
80101000653,Southeast,1862,203 E 119TH ST,6479252,1795103,1/1/2008,1:19:24,1/1/2008,1:22:04,1/1/2008,1:24:37,459PSN,POSS SUSP NOW,2,18A63,,GOASN,GONE ON ARRIVAL SUPV NO
80101000654,Hollenbeck,453,1869 E 1ST ST,6495644,1839497,1/1/2008,1:19:21,1/1/2008,1:27:55,1/1/2008,1:30:59,415W,WOMAN,0,4A71,,GOASN,GONE ON ARRIVAL SUPV NO
80101000655,Southwest,329,W JEFFERSON BL&S FIGUEROA ST,6476828,1830480,1/1/2008,1:18:43,1/1/2008,1:30:42,1/1/2008,2:00:43,390M,MAN,2,3A92,,GOASN,GONE ON ARRIVAL SUPV NO
80101000656,N Hollywood,1504,11829 ELKWOOD ST,6443371,1900151,1/1/2008,1:21:35,1/1/2008,1:25:04,1/1/2008,1:50:12,907A2,AMB O/D,2,15A13,,OCCSN,OFCR COMPLETED CALL SUPV NO
80101000657,Hollenbeck,413,3119 GRIFFIN AV,6497488,1851985,1/1/2008,1:21:40,,,,,507P,PARTY,0, ,,CCB,CANCELLED BY CALLBACK
80101000658,Devonshire,1715,11641 BALBOA BL,6409967,1925275,1/1/2008,1:21:46,,,,,9201,CHILD,2, ,,INF,INFORMATION
80101000659,N Hollywood,1592,3749 GOODLAND AV,6438248,1873036,1/1/2008,1:21:52,1/1/2008,1:27:22,1/1/2008,2:01:05,507P,PARTY,0,15A85,,WRNSN,WARNED SUPV NO
80101000660,Pacific,1476,W 85TH PL&KENTWOOD AV,6440251,1808252,1/1/2008,1:21:53,1/1/2008,2:16:54,1/1/2008,2:38:13,507R,RADIO,0,14A73,,GOASN,GONE ON ARRIVAL SUPV NO
80101000662,Pacific,1444,WASHINGTON/THATCHER ,,,1/1/2008,1:22:20,1/1/2008,1:22:21,1/1/2008,1:22:21,6,CODE 6,0,14A49,,CITSN,CITATION SUPV NO
80101000663,Wilshire,743,1375 S RIDGELEY DR,6453948,1840451,1/1/2008,1:22:26,1/1/2008,1:24:01,1/1/2008,1:26:59,415G3,GROUP W/GUN,2,7Q21,,GOASN,GONE ON ARRIVAL SUPV NO
80101000664,Rampart,269,LINWOOD AV&WITMER ST,6480286,1841048,1/1/2008,1:20:37,1/1/2008,1:29:40,1/1/2008,2:45:11,507R,RADIO,0,2X22,,ADVSN,ADVISED SUPV NO
80101000666,Harbor,507,1566 PLAZA DEL AMO,6468870,1757664,1/1/2008,1:23:14,1/1/2008,1:24:26,1/1/2008,1:25:25,245AF,AMB SHOTS FIRED,3,5A11,,RPTSN,REPORT SUPV NO
80101000667,Wilshire,759,965 S WESTMORELAND AV,6474085,1842027,1/1/2008,1:23:11,1/1/2008,1:37:19,1/1/2008,2:40:21,507R,RADIO,0,7Z8,,ADVSN,ADVISED SUPV NO
80101000670,Wilshire,782,5270 20TH ST,6452846,1836043,1/1/2008,1:22:51,1/1/2008,1:42:03,1/1/2008,2:09:44,507P,PARTY,0,7Z8,,GOASN,GONE ON ARRIVAL SUPV NO
